number,material_id,formula,Wmax,nsites,volume,density,space_group,spg_num,a,b,c,alpha,beta,gamma,Ef,Eg,Wmax,e_total,e_ionic,e_electronic,is_stable
1,mp-1183115,AcAlO3,,5,57.45141324,8.728230082,Pm-3m,221,3.85863387,3.85863387,3.85863387,90,90,90,-3.690782798,4.1024,,,,,TRUE
2,mp-866101,AcCrO3,,5,61.36284504,8.848788047,Pm-3m,221,3.9442869,3.94430226,3.9442715,90,90,90,-3.139735506,2.0031,,,,,TRUE
3,mp-861502,AcFeO3,,5,61.79731063,8.889999466,Pm-3m,221,3.95356962,3.9535675,3.95358451,90.00009246,90,90,-2.772302842,0.9888,,,,,TRUE
4,mp-1183053,AcGaO3,,5,61.45507829,9.314495003,Pm-3m,221,3.94626209,3.94626209,3.94626209,90,90,90,-3.064015993,2.8959,,,,,TRUE
5,mp-1178563,AgAsO3,,10,119.2805516,6.425733028,R-3,148,6.389075483,6.389075483,6.389075851,45.13452662,45.13452672,45.13451435,-1.274751796,0.2921,,,,,TRUE
6,mp-27384,AgIO3,21.92£¨#£©,40,626.0775665,5.999922076,Pca2_1,29,5.66928603,7.23941537,15.25444032,90,90,90,-0.72603763,2.4375,,,,,TRUE
7,mp-552185,AgNO3,42.39£¨#£©,10,125.104504,4.509524595,R3c,161,6.201768483,6.201684965,6.201686928,49.08953044,49.08691654,49.08856255,-0.683859821,1.8539,,10.72340768,7.302815264,3.420592413,TRUE
8,mp-18702,AgPO3,,40,523.5448041,4.740841827,P2_1/c,14,5.97752081,7.317044275,13.59925276,61.66666124,90,90,-1.961322073,1.9166,,,,,TRUE
9,mp-545999,AgSbO3,,10,137.6369854,6.698918635,R-3,148,6.365893471,6.365892971,6.365893763,49.61821341,49.61826084,49.61834321,-1.430551222,0.1333,,24.86991904,7.626446066,17.24347297,TRUE
10,mp-559257,AgTeO3,20.54£¨#£©,40,600.036388,6.275713149,P2_1/c,14,6.92440761,6.518629494,13.29551785,88.99666929,90,90,-1.149264978,1.3614,,,,,TRUE
11,mp-559051,BaBiO3,,20,334.6660467,7.825829473,P2_1/c,14,6.17435169,6.217179422,8.71828688,90.25395528,90,90,-2.244099423,0.08,,,,,TRUE
12,mp-3187,BaCeO3,21.91,20,344.6473317,6.272009405,Pnma,62,6.25973589,6.24763379,8.81258554,90,90,90,-3.591372272,2.2207,,,,,TRUE
13,mp-5504,BaCO3,45.14,20,308.7916524,4.24472577,Pnma,62,5.35922589,6.41636356,8.97996254,90,90,90,-2.684006068,4.3974,,8.004854327,5.24401394,2.760840387,TRUE
14,mp-13863,BaGeO3,23.89,20,345.7138411,4.956252732,P2_12_12_1,19,4.64225534,5.75213457,12.94668869,90,90,90,-2.696764588,3.5519,,11.98819577,8.768294107,3.219901667,TRUE
15,mp-998552,BaHfO3,16.44,5,72.50319462,8.332451499,Pm-3m,221,4.170042393,4.169091207,4.170376634,89.9994643,89.99434031,89.99884047,-3.787478027,3.5394,,40.69819863,36.04941952,4.64877911,TRUE
16,mp-1205336,BaMnO3,,20,276.8088065,5.765228492,P6_3mc,186,4.88190519,5.722083173,9.909149846,90.00017607,90.00024693,90.00000629,-2.483081876,1.8948,,,,,TRUE
17,mp-19241,BaNiO3,,10,133.5298436,6.069091485,P6_3mc,186,5.67753215,5.677530778,4.7833107,90,90,119.9999959,-1.820704952,1.5157,,203.574202,197.7269206,5.847281377,TRUE
18,mp-22230,BaPbO3,,10,159.2597205,8.185414705,Imma,74,6.076817498,6.076817498,6.076817498,120.1797167,119.3208594,90.43465787,-2.109613529,0.1993,,,,,TRUE
19,mp-6989,BaSeO3,23.75,10,176.7597079,4.965564886,P2_1/m,11,4.727316927,5.68404761,6.881633589,90,107.0762024,90,-2.318842496,3.8866,,11.15472969,7.857239047,3.297490647,TRUE
20,mp-776084,BaSiO3,32.75,30,518.5696943,4.100241203,C2/c,15,7.519856188,7.519856188,11.3869284,71.26487481,71.26487481,60.14571229,-3.404776582,4.542,,,,,TRUE
21,mp-3163,BaSnO3,19.06,5,71.13628093,7.097114448,Pm-3m,221,4.14346542,4.14346542,4.14346542,90,90,90,-2.588231648,0.3724,,22.50966269,17.04200534,5.46765735,TRUE
22,mp-5431,BaTeO3,22.24,10,189.2637879,5.491008348,P2_1/m,11,4.650439182,5.95910517,7.120932753,90,106.4470613,90,-2.357820811,2.7149,,19.48705174,15.66643897,3.82061277,TRUE
23,mp-1189614,BaThO3,,20,367.7631283,7.537982411,Pnma,62,6.3660955,6.4142298,9.00638526,90,90,90,-3.775859317,4.047,,,,,TRUE
24,mp-5020,BaTiO3,23.17,5,65.63564907,5.899610404,R3m,160,4.033806555,4.033805893,4.033806146,89.8363828,89.83636958,89.8363873,-3.493000364,2.5087,,32.54203094,26.96500444,5.5770265,TRUE
25,mp-3834,BaZrO3,24.5,5,74.74546324,6.143794292,Pm-3m,221,4.21238715,4.21238715,4.21238715,90,90,90,-3.639932345,3.0377,,55.24930426,50.32158335,4.92772091,TRUE
26,mp-31250,BiBO3,39.19,20,259.3416907,6.858520762,P2_1/c,14,5.0360157,6.585006132,8.30720892,109.7120783,90,90,-2.301139162,3.0096,,18.25420714,13.73538191,4.518825223,TRUE
27,mp-29526,BrNO3,,20,322.4671988,2.923029359,P2_12_12_1,19,4.11367551,6.77359703,11.57273897,90,90,90,-0.554014078,2.208,,27.32875649,23.92093215,3.407824343,TRUE
28,mp-755893,CaBiO3,17.5,20,289.0372281,6.826443674,P2_1/c,14,5.75831054,6.02554523,8.330347024,90,90.10598141,90,-2.274895144,0.6776,,,,,TRUE
29,mp-3953,CaCO3,45.47,10,122.9495072,2.703519701,R-3c,167,6.358447833,6.358447249,6.35844589,46.37140907,46.3714226,46.37141314,-2.688771265,4.9995,,9.196357543,6.33452333,2.861834213,TRUE
30,mp-17761,CaGeO3,26.38£¨#£©,30,436.382332,3.669381308,P-1,2,7.314616387,7.557449301,8.147430831,103.4819701,94.72958118,90.10958549,-2.750745322,3.4813,,,,,TRUE
31,mp-754853,CaHfO3,23.74,20,252.2913382,7.017975204,Pnma,62,5.54646636,5.72177289,7.94978423,90,90,90,-3.821701439,4.4855,,31.84953064,27.48986128,4.359669353,TRUE
32,mp-607467,CaMoO3,,20,251.5395902,4.859133129,P2_1/c,14,5.526326,5.750526,7.915666603,89.38257035,90,90,-2.620141113,1.3335,,,,,TRUE
33,mp-557997,CaSeO3,24.69,20,284.2313548,3.90344177,P2_1/c,14,6.393451796,6.694465492,6.80623043,90,90,102.6581409,-2.307690412,4.2602,,9.80730651,6.362362823,3.444943687,TRUE
34,mp-5733,CaSiO3,33.15,60,797.3329242,2.903043911,P2_1/c,14,7.32539354,7.084213615,15.43457976,84.53615567,90,90,-3.448797315,4.9087,,,,,TRUE
35,mp-4190,CaSnO3,19.28,10,134.5339094,5.10468424,R-3,148,6.015841627,6.015841561,6.015841484,54.58886767,54.58886888,54.5888649,-2.680447652,2.9379,,11.24922781,7.385529867,3.863697943,TRUE
36,mp-1366217,CaTeO3,23.61£¨#£©,100,1625.127958,4.407514549,P4_1,76,12.11414408,12.11414408,11.07393812,90,90,90,-2.411834654,2.895,,,,,TRUE
37,mp-4019,CaTiO3,23.95,20,224.0997377,4.029259414,Pnma,62,5.37204886,5.46279649,7.63635962,90,90,90,-3.556850533,2.3053,,,,,TRUE
38,mp-4571,CaZrO3,23.9£¨#£©,20,258.7265008,4.603084506,Pnma,62,5.58500572,5.77809678,8.01738023,90,90,90,-3.670938446,3.8263,,48.72495161,44.01203755,4.712914067,TRUE
39,mp-755478,CdBiO3,16.77,10,145.2691758,8.444817808,R3,146,5.829561946,5.830423031,5.972227016,60.77515692,119.1751925,119.979308,-1.453193147,0.767,,22.48202473,14.65669964,7.82532509,TRUE
40,mp-4385,CdCO3,44.64,10,115.5290272,4.956502911,R-3c,167,6.145127278,6.145126917,6.145126563,47.52436093,47.52436881,47.52435309,-1.76361442,2.6226,,10.13002342,6.80907813,3.320945293,TRUE
41,mp-559203,CdSeO3,24.2,40,632.4855476,5.02755403,P2_1/c,14,12.93395545,5.76007937,8.662010624,78.55157905,90,90,-1.417142669,3.4047,,,,,TRUE
42,mp-560560,CdSiO3,33.25,60,766.9319925,4.897479562,P2_1/c,14,7.28599731,6.992660796,15.10775788,85.123904,90,90,-2.543795978,2.573,,,,,TRUE
43,mp-754329,CdSnO3,18.79,10,131.0406149,7.073964607,R-3,148,5.933372171,5.933372293,5.933373283,55.14847345,55.14848066,55.14848451,-1.845935294,0.9762,,13.26096985,8.27595558,4.985014267,TRUE
44,mp-28290,CdTeO3,21.49,40,604.9274932,6.32473192,P2_1/c,14,11.30735991,7.451632652,7.831885009,66.44744827,90,90,-1.52981919,2.9646,,,,,TRUE
45,mp-20178,CeBO3,,10,124.8465089,5.291666846,P2_1/m,11,4.12392223,5.07313499,6.264132842,90,107.704153,90,-3.408061891,0.0293,,,,,TRUE
46,mp-550220,CoGeO3,,20,227.0711029,5.25272151,C2,5,5.192322469,6.692759041,6.689975416,85.64142762,81.6477913,81.38299526,-1.793048507,1.5623,,,,,TRUE
47,mp-776093,CsAsO3,,20,380.3960704,4.467005398,Pbcm,57,5.33191898,6.05643105,11.77973995,90,90,90,-1.894135132,2.6306,,,,,TRUE
48,mp-28873,CsBrO3,23.95,5,99.77612006,4.340530526,R3m,160,4.639254737,4.639254476,4.639254038,88.72505696,88.72504892,88.72505622,-1.079035389,4.1681,,6.621835713,3.93829417,2.683541543,TRUE
49,mp-28295,CsIO3,23.32,10,203.8924746,5.013695697,Pmn2_1,31,4.669043714,6.601774174,6.61473721,90,90,89.99353567,-1.386134046,3.0912,,7.447043097,4.240812807,3.20623029,TRUE
50,mp-27556,CsNbO3,25.86,40,769.5758858,4.726470912,P2_1/c,14,16.04611897,5.169600477,9.291497475,86.83904432,90,90,-2.83532722,3.3425,,,,,TRUE
51,mp-561851,CsNO3,,45,782.5278762,3.722431332,P3_1,144,10.84690041,10.84480427,7.680832796,89.99256164,89.99247834,119.9923396,-1.418189405,3.2965,,,,,TRUE
52,mp-1183920,CsPaO3,,5,86.9301902,7.868862178,Pm-3m,221,4.42986213,4.42986213,4.42986213,90,90,90,-3.466827811,2.973,,,,,TRUE
53,mp-1213226,CsPO3,,20,371.0290178,3.793026488,P2_1/c,14,4.30527062,6.812608573,13.8045881,66.40094052,90,90,-2.677694879,5.4223,,,,,TRUE
54,mp-561681,CsSO3,36.18,20,402.8707197,3.511228284,P6_3mc,186,6.33106207,6.33106359,11.60598051,90,90,120.0000026,-2.07551566,5.1115,,6.591319443,4.284850743,2.3064687,TRUE
55,mp-504651,CsVO3,,20,387.5621918,3.973431261,Pbcm,57,5.45086244,5.79445238,12.27054304,90,90,90,-2.418835991,3.1105,,,,,TRUE
56,mp-12315,DyBO3,,20,220.0432487,6.680369873,P-1,2,6.106156805,6.356277026,6.352441828,92.32161557,108.4751828,107.811875,-3.527089521,5.3594,,,,,TRUE
57,mp-19381,DyCrO3,,20,218.5379394,7.97814862,Pnma,62,5.23463434,5.53590021,7.54140459,90,90,90,-3.223821499,2.2185,,,,,TRUE
58,mp-1212884,DyRhO3,,20,227.4817948,9.150958,Pnma,62,5.21847713,5.75597356,7.573281,90,90,90,-2.584684372,0.8883,,,,,TRUE
59,mp-769393,DySeO3,23.68,40,618.5495841,6.21656419,P2_1/c,14,12.22147792,5.931740473,8.88506698,73.80175795,89.99950874,89.9991949,-2.52822402,1.7861,,,,,TRUE
60,mp-22789,DyVO3,,20,224.4936902,7.735287972,Pnma,62,5.25263721,5.66556438,7.54368515,90,90,90,-3.299710045,1.3773,,,,,TRUE
61,mp-1194043,ErBO3,40.91(#),30,317.4615501,7.094939422,C2/c,15,6.471126237,6.471126237,9.485993881,70.42592957,70.42592957,60.08046882,-3.568011999,5.6534,,,,,TRUE
62,mp-562779,ErCoO3,,20,201.4510944,9.040484271,Pnma,62,5.08216856,5.42485142,7.3068925,90,90,90,-2.658910399,1.4471,,,,,TRUE
63,mp-19063,ErCrO3,,20,214.9255427,8.259316967,Pnma,62,5.18848926,5.52090784,7.50302878,90,90,90,-3.237348449,0.2571,,,,,TRUE
64,mp-19217,ErMnO3,,30,364.279241,7.389986188,P6_3cm,185,6.079453238,6.079430599,11.38085613,90.00000082,89.99999731,119.9996731,-3.083258603,0.2411,,,,,TRUE
65,mp-1213022,ErRhO3,,20,223.4234642,9.458659049,Pnma,62,5.18710261,5.72004523,7.53016477,90,90,90,-2.597382106,0.9642,,,,,TRUE
66,mp-19205,ErVO3,,20,220.503619,8.018613803,Pnma,62,5.20978186,5.64494742,7.49784195,90,90,90,-3.311279254,1.5838,,,,,TRUE
67,mp-554518,EuCO3,,20,255.5541916,5.509426855,Pnma,62,5.10965115,5.94351265,8.41489239,90,89.99997449,90,-2.62941426,0.4293,,,,,TRUE
68,mp-753781,EuHfO3,,5,68.80440725,9.133639661,Pm-3m,221,4.09768332,4.09766316,4.09771369,89.99898543,89.99935178,90.00050728,-3.726651525,0.4796,,,,,TRUE
69,mp-755177,EuSeO3,,10,148.4742738,6.238942248,P2_1/m,11,4.431882117,5.423626961,6.449863472,90.00037742,106.7273964,90.00187766,-2.257799053,0.0866,,,,,TRUE
70,mp-1106293,EuZrO3,,20,274.217879,7.05316608,Pnma,62,5.74546581,5.84474033,8.1659234,90.0000538,90.0001131,90.00000107,-3.647176286,0.1866,,,,,TRUE
71,mp-19097,FeBO3,,10,90.18607293,4.222110401,R-3c,167,5.521964019,5.521963684,5.521963256,49.74109871,49.74109212,49.74110201,-2.271125708,1.4816,,14.26660259,9.422346213,4.844256373,TRUE
72,mp-22334,FeGeO3,,20,225.7841303,5.191813044,C2/c,15,6.687314112,6.687314112,5.175052625,81.47574199,81.47574199,84.79373087,-1.917493967,1.9617,,,,,TRUE
73,mp-1178212,FeSnO3,,20,235.9626721,6.264690592,P-1,2,5.337292043,9.084800173,5.472166757,74.37808331,68.38294472,90.25759005,-1.859575638,0.9768,,,,,TRUE
74,mp-558285,GaBiO3,21.03,20,278.0863766,7.80334192,Pcca,54,5.15381992,5.43275855,9.93184812,90,90,90,-1.974169233,1.8794,,,,,TRUE
75,mp-1194303,GdBO3,,30,339.9251601,6.332712922,C2/c,15,6.630340993,6.63034203,9.681883074,70.33476037,70.33475606,60.09216631,-3.499793724,3.1001,,,,,TRUE
76,mp-18331,GdCrO3,,20,224.5951684,7.607718597,Pnma,62,5.31706381,5.54613965,7.61618941,90,90,90,-3.174067536,2.1708,,,,,TRUE
77,mp-1212640,GdInO3,,30,433.5389137,7.35549791,P6_3cm,185,6.367214475,6.367214541,12.34803472,90.00000308,90.00000487,119.9998517,-2.9503012,1.7714,,,,,TRUE
78,mp-510575,GdMnO3,,20,228.9926389,7.546957429,Pnma,62,5.33266967,5.63531689,7.62006186,90,90,90,-2.982716494,0.4041,,,,,TRUE
79,mp-554699,GePbO3,24.69,30,513.9167066,6.3557553,R-3,148,9.346834621,9.346834617,9.34683482,113.5018858,113.5018858,113.5018754,-1.929991529,2.7131,,,,,TRUE
80,mp-30284,HgAsO3,21.76,10,157.8199817,6.80776484,P-31m,162,4.86693703,4.866937428,7.69342784,90,90,120.000004,-1.366342296,1.2351,,13.69774979,8.817917193,4.879832597,TRUE
81,mp-27994,HgBrO3,,20,350.4451666,6.226071102,C2/c,15,9.763821933,9.763821933,8.599402276,72.99835242,72.99835242,26.6274367,-0.413814467,3.2015,,,,,TRUE
82,mp-542289,HgNO3,,40,611.8695775,5.701203083,P2_1,4,8.31497555,6.286624987,11.72064329,87.06225777,90,90,-0.74992762,2.7863,,,,,TRUE
83,mp-557224,HgSeO3,24.28,20,319.572148,6.807934743,P2_1/c,14,4.404282462,7.229692947,10.3010115,90,90,103.0170745,-1.049740256,2.6045,,10.08346121,6.07197229,4.011488923,TRUE
84,mp-1224772,HNO3,,80,843.7518856,1.984190553,P2_1,4,8.40384207,6.186005643,16.23030271,90.02950809,90,90,-0.891920381,3.8657,,,,,TRUE
85,mp-752713,HoBO3,39.65,30,321.8398383,6.926331102,Cmcm,63,6.505299084,6.505299084,8.78765674,90,90,120.0681046,-3.560871418,5.4365,,,,,TRUE
86,mp-756834,HoCrO3,,20,216.869956,8.113944215,Pnma,62,5.21129171,5.52912416,7.5265797,90,90,90,-3.230545819,2.2162,,,,,TRUE
87,mp-19056,HoMnO3,,30,368.5049195,7.242284251,P6_3cm,185,6.107331392,6.107331675,11.40796997,90.00001482,90.00000886,119.9997037,-3.072100534,0.4798,,,,,TRUE
88,mp-1212108,HoRhO3,,20,225.4575253,9.30471898,Pnma,62,5.20253763,5.73954677,7.55043384,90,90,90,-2.591257447,0.9606,,,,,TRUE
89,mp-19024,HoVO3,,20,222.6308365,7.872520871,Pnma,62,5.23261452,5.65391191,7.52519119,90,90,90,-3.305158614,1.1971,,,,,TRUE
90,mp-7027,InBO3,39.53,10,105.3533531,5.473290411,R-3c,167,5.882060384,5.882060643,5.882061289,48.68871997,48.68872112,48.68872217,-2.4608532,2.6556,,10.11392476,6.430546257,3.6833785,TRUE
91,mp-1195114,KAsO3,,120,2249.282078,2.870648058,P2_1/c,14,9.224077,19.669729,12.3974128,90,90.35710808,90,-1.943209415,3.1596,,,,,TRUE
92,mp-29799,KBiO3,18.9,60,1020.094499,5.783549581,Pn-3,201,10.06653795,10.06653795,10.06653795,90,90,90,-1.587451643,0.4914,,,,,TRUE
93,mp-22958,KBrO3,24.15,5,83.95967617,3.30290524,R3m,160,4.394010315,4.394010476,4.394009926,85.10928319,85.1092845,85.109288,-1.066375822,3.8569,,6.993970993,4.243685697,2.750285297,TRUE
94,mp-1106094,KCO3,,20,350.4556548,1.878370346,P2_1/c,14,5.786966,4.005711,15.32873122,80.49497619,90,90,-1.815909611,0.8756,,,,,TRUE
95,mp-1200675,KIO3,23.11£¨#£©,40,704.0856636,4.037656091,R3,146,8.896428484,8.896428473,8.896427956,89.66984356,89.66985025,89.66984473,-1.38075068,2.8533,,,,,TRUE
96,mp-7375,KNbO3,26.67,5,66.42558683,4.499799379,R3m,160,4.049923855,4.049923873,4.049924741,89.8368711,89.83687925,89.83686206,-2.857085212,2.2934,,30.30025148,24.94260958,5.357641897,TRUE
97,mp-5158,KNO3,44.1,20,306.249426,2.192798407,Pnma,62,5.4109266,6.18542073,9.15028024,90,90,90,-1.427452692,2.9384,,4.691744133,2.622581787,2.069162347,TRUE
98,mp-1206970,KPaO3,,5,82.65426196,6.391337032,Pm-3m,221,4.35600548,4.35600548,4.35600548,90,90,90,-3.56338175,3.0477,,,,,TRUE
99,mp-5039,KPO3,38.46,40,641.5459608,2.444847847,P2_1/c,14,4.55257852,10.23201105,14.02715163,79.0634855,90,90,-2.691059788,5.0422,,,,,TRUE
100,mp-547792,KSbO3,20.11,10,153.6462401,4.514453166,R-3,148,6.84028095,6.840261049,6.840306936,46.47726357,46.47717131,46.47728063,-2.054084705,2.6808,,7.636851477,4.433158817,3.20369266,TRUE
101,mp-3614,KTaO3,28.1,5,63.75462003,6.981426042,Pm-3m,221,3.99488137,3.99488137,3.99488137,90,90,90,-3.078375372,2.0995,,8.810066897,3.328901387,5.48116551,TRUE
102,mp-4126,KUO3,,5,79.44393398,6.795779335,Pm-3m,221,4.29886276,4.29886276,4.29886276,90,90,90,-3.340067422,0.4454,,,,,TRUE
103,mp-18815,KVO3,,20,313.271957,2.926754043,Pbcm,57,5.1974608,5.65515664,10.65824401,90,90,90,-2.411628778,3.046,,33.71118142,30.51505662,3.196124797,TRUE
104,mp-2920,LaAlO3,22.65,10,108.6953635,6.53504866,R-3c,167,5.35090685,5.350907329,5.350905874,60.14702703,60.14701797,60.14701406,-3.722956742,4.0189,,29.69266267,24.9915785,4.701084167,TRUE
105,mp-1079050,LaAsO3,,10,141.5137041,6.144579314,P2_1/m,11,5.32325283,4.43439964,6.222333267,74.4633155,90,90,-2.866656304,2.693,,108.5236367,103.6324683,4.89116838,TRUE
106,mp-28853,LaAuO3,20.28,20,302.0584155,8.441168934,Pbcm,57,4.03934509,5.70785039,13.10108913,90,90,90,-2.315636492,1.7977,,,,,TRUE
107,mp-8216,LaBO3,40.72,20,247.0484251,5.315766468,Pnma,62,5.12056909,5.8479603,8.25010439,90,90,90,-3.521908926,4.5007,,16.47550718,12.66122521,3.814281973,TRUE
108,mp-1288145,LaCoO3,,10,118.072977,6.914735764,R-3,148,5.475249487,5.468355789,5.4410268,61.18310058,61.09933598,61.05012142,-2.605709299,0.9497,,,,,TRUE
109,mp-19281,LaCrO3,,20,236.6176631,6.706217884,Pnma,62,5.50572244,5.51974573,7.78598881,90,90,90.00033228,-3.197386721,1.9138,,,,,TRUE
110,mp-1078634,LaFeO3,,10,115.4506173,6.98296223,R-3c,167,5.427511549,5.423071091,5.434553664,61.10598371,60.84843943,60.8041781,-2.85368918,1.9509,,,,,TRUE
111,mp-5163,LaRhO3,18,20,250.6205188,7.680766937,Pnma,62,5.50481427,5.76156261,7.90193892,90,90,90,-2.545773302,0.594,,,,,TRUE
112,mp-31116,LaScO3,,20,267.3212593,5.761036662,Pnma,62,5.68506091,5.80353077,8.10225831,90,90,90,-3.951326754,3.8973,,34.39522403,29.38583401,5.009390023,TRUE
113,mp-9657,LiAsO3,22.52,10,94.39200397,4.569008445,R-3,148,5.462122369,5.462123678,5.462122762,52.3011792,52.30117693,52.3011727,-1.987598828,3.3568,,11.35153457,7.73614303,3.61539154,TRUE
114,mp-23384,LiIO3,24.52,40,567.1687178,4.259170276,P4_2/n,86,9.57814654,9.57814654,6.18228917,90,90,90,-1.396804498,3.7255,,,,,TRUE
115,mp-3731,LiNbO3,26.46,40,429.062362,4.577485852,R3c,161,5.15394329,5.531529306,17.21247029,87.57036457,98.63069517,117.7709908,-2.900281028,3.3358,,39.98289788,34.17021117,5.81268671,TRUE
116,mp-8180,LiNO3,44.34,10,92.80084349,2.467377583,R-3c,167,5.6282987,5.628299005,5.628298959,48.85424376,48.85424111,48.8542476,-1.387882439,2.731,,7.35491914,4.759377127,2.595542013,TRUE
117,mp-1185263,LiPaO3,,5,80.52091246,5.897508832,Pm-3m,221,4.31820142,4.31820142,4.31820142,90,90,90,-3.346180326,3.1954,,,,,TRUE
118,mp-29195,LiPO3,39.06,60,703.0385066,2.435061438,P2_1/c,14,5.30601022,7.947867306,16.90987642,90,90,99.64294315,-2.703924873,5.6512,,,,,TRUE
119,mp-4995,LiSbO3,23.06,20,215.5001331,5.446231896,Pnna,52,4.87993988,5.19125198,8.50669695,90,90,90,-2.118957473,2.1379,,,,,TRUE
120,mp-3666,LiTaO3,27.2,10,105.1248948,7.452082825,R3c,161,5.476847657,5.476847759,5.476847362,55.89940507,55.89940795,55.89941377,-3.127952129,3.7003,,38.09506762,32.85415972,5.240907903,TRUE
121,mp-8007,LiUO3,,10,126.8871892,7.667992251,R3c,161,5.88592778,5.885927428,5.885927844,54.84616027,54.8461627,54.84616886,-3.349272277,0.4431,,22.94955896,17.41464512,5.53491384,TRUE
122,mp-19440,LiVO3,,20,272.3394601,2.582351286,C2/c,15,5.68874567,7.46422039,7.464221041,82.97939078,67.98238899,67.98237587,-2.427957777,2.6009,,7.466397657,4.041782,3.424615657,TRUE
123,mp-7560,LuBO3,40.75,10,109.9836779,7.059129508,R-3c,167,6.032451833,6.032452339,6.032452289,47.71010856,47.71011237,47.71010333,-3.570062279,5.3023,,,,,TRUE
124,mp-755471,LuCrO3,,20,210.0228117,8.695893112,Pnma,62,5.13477912,5.48498586,7.45708665,90,90,90,-3.254584315,2.2649,,,,,TRUE
125,mp-768505,LuGaO3,21.04,30,349.2296411,8.350153593,P6_3cm,185,5.902617442,5.902615852,11.57413725,89.99999338,89.99995016,119.9993873,-3.220843054,2.8828,,,,,TRUE
126,mp-1205366,LuRhO3,,20,218.1493112,9.922030465,Pnma,62,5.15042715,5.66071551,7.48237152,90,90,90,-2.612957552,1.0887,,,,,TRUE
127,mp-5348,MgCO3,46.44,10,92.60777472,3.023645158,R-3c,167,5.64985544,5.649855438,5.649855685,48.44321015,48.44320468,48.44319922,-2.449295475,4.9603,,7.116671897,4.350118437,2.76655346,TRUE
128,mp-4819,MgGeO3,26.18,20,217.505252,4.4262627,C2/c,15,6.553720039,6.553720039,5.168550134,82.13121205,82.13121205,85.83099141,-2.560811452,2.5261,,8.808741633,5.420373777,3.388367857,TRUE
129,mp-770618,MgMnO3,,10,96.25948703,4.389989283,R-3,148,5.381283557,5.381250292,5.381132296,54.57638601,54.57836698,54.57589179,-2.372543761,1.5713,,12.81899184,6.853035051,5.965956787,TRUE
130,mp-12271,MgSeO3,23.42,20,227.0109625,4.425838297,Pnma,62,5.01646551,5.91728012,7.64763004,90,90,90,-2.031537306,3.9175,,10.47023034,6.66760634,3.802624003,TRUE
131,mp-3771,MgTiO3,23.81,10,102.5186191,3.892898937,R-3,148,5.470981294,5.470981953,5.470981814,55.07158166,55.07158285,55.07157571,-3.369738015,3.5295,,19.87064741,15.10488053,4.765766877,TRUE
132,mp-27186,MgVO3,,10,139.1916673,2.940587508,Cmcm,63,5.2504353,5.22821384,5.709936488,89.99996492,117.3718236,89.99999995,-2.775727343,2.478,,6.436621653,3.135098367,3.301523287,TRUE
133,mp-18814,MnCO3,,10,102.1728892,3.736292364,R-3c,167,5.858717084,4.777773563,4.777817668,59.98365385,65.94219262,65.94294854,-2.014211443,3.2291,,8.89498613,5.705903637,3.189082493,TRUE
134,mp-1106201,MnGeO3,,20,236.28735,4.935536565,C2/c,15,5.258931025,6.778701717,6.778701729,85.86152995,81.69676187,81.69680816,-2.124469267,1.1435,,,,,TRUE
135,mp-1202364,MnSeO3,,40,571.6395349,4.227080913,P2_1/c,14,8.30745548,8.022583545,10.49618852,54.80173752,90,90,-1.651643311,3.0996,,,,,TRUE
136,mp-20569,MnSnO3,,10,120.5550346,6.105962311,R-3,148,5.72769094,5.727692945,5.727694711,55.99954758,55.99956278,55.99958216,-2.084656689,0.8776,,13.04097918,8.432123873,4.60885531,TRUE
137,mp-17868,NaAsO3,,30,419.5407583,3.465053659,P-1,2,7.289213347,7.446254343,7.953300064,103.5388353,91.3965612,90.2517925,-1.891708967,2.8628,,,,,TRUE
138,mp-23054,NaBiO3,17.26,10,143.4056973,6.48368124,R-3,148,6.188547629,6.188547901,6.188547465,53.82550302,53.8255118,53.82551821,-1.594772217,1.0964,,10.52450654,6.01593336,4.50857318,TRUE
139,mp-23339,NaBrO3,24.05,20,292.7753205,3.423266817,P2_13,198,6.64015405,6.64015405,6.64015405,90,90,90,-1.020447591,4.4812,,6.253947973,3.520801423,2.73314655,TRUE
140,mp-1120755,NaCO3,,10,123.7955335,2.226615596,R-3c,167,6.326281536,6.326281816,6.32628419,47.00053274,47.00033762,47.000409,-1.792314582,0.6623,,5.19355387,2.68641384,2.50714003,TRUE
141,mp-22989,NaIO3,23.72,20,291.5189696,4.508908999,Pnma,62,5.71285073,6.37266126,8.00742924,90,90,90,-1.333315606,3.6962,,30.35739987,27.09070235,3.26669752,TRUE
142,mp-1078295,NaNbO3,27.2£¨#£©,10,129.4393886,4.20510283,R-3,148,5.380428943,5.38042873,6.025465474,63.482311,63.48231063,59.99998666,-2.846283309,3.8374,,15.4214607,11.37932447,4.042136227,TRUE
143,mp-4531,NaNO3,43.94,10,120.0062015,2.352161255,R-3c,167,6.168633246,6.168633278,6.168632823,48.31173923,48.31173643,48.31173891,-1.368156007,2.9451,,5.554604183,3.345019167,2.209585017,TRUE
144,mp-865120,NaPaO3,25.28,5,81.04148454,6.188465125,Pm-3m,221,4.32748724,4.32748724,4.32748724,90,90,90,-3.451220429,2.952,,,,,TRUE
145,mp-555118,NaPO3,38.71,60,788.6158193,2.576333377,Pnma,62,7.61998559,7.88601616,13.12362076,90,90,90,-2.641745877,5.081,,,,,TRUE
146,mp-4482,NaSbO3,20.47,10,128.8309838,4.96876642,R-3,148,6.105268138,6.105268122,6.105267801,51.53023186,51.53023643,51.5302247,-2.061435001,2.7012,,8.05772379,4.75658546,3.30113833,TRUE
147,mp-3858,NaTaO3,28.1,20,234.061036,7.149405594,Pnma,62,5.45388623,5.51999928,7.77470694,90,90,90,-3.069424752,2.6172,,346.619923,341.3293306,5.290592343,TRUE
148,mp-5788,NaUO3,,20,280.2986899,7.322682821,Pnma,62,5.74520583,5.90574039,8.26116171,90,90,90,-3.291964969,0.3702,,,,,TRUE
149,mp-19083,NaVO3,,20,276.591046,2.928057867,C2/c,15,5.891257971,7.093378656,7.093378971,82.96980115,75.21124827,75.211234,-2.380350152,2.9962,,,,,TRUE
150,mp-757636,NbTlO3,,40,622.4098078,7.369601272,P1,1,7.611005621,7.624695152,13.18232079,72.97677338,72.6049216,59.96265257,-2.455674773,0.7458,,,,,TRUE
151,mp-754712,NClO3,,20,317.099506,2.041411573,P2_12_12_1,19,4.01463275,6.64170152,11.89242409,90,90,90,-0.522718269,2.943,,3.095334277,0.503591603,2.591742673,TRUE
152,mp-5899,NdAlO3,23.03,10,105.7491346,6.884713762,R-3c,167,5.285252518,5.285251644,5.285252471,60.57397474,60.57397828,60.57397833,-3.673233558,4.354,,,,,TRUE
153,mp-13514,NdBO3,41.43,20,241.1393957,5.5930214,P-1,2,6.29114009,6.584614101,6.572748449,93.73771251,108.4466441,108.2737855,-3.466312132,4.9375,,,,,TRUE
154,mp-19269,NdCrO3,,20,231.4476989,7.00916742,Pnma,62,5.42096311,5.53422111,7.71471539,90,90,89.99997866,-3.142606124,2.2364,,,,,TRUE
155,mp-1173386,NdCuO3,,20,242.8295856,6.9965606,Pnma,62,5.33507122,6.34205783,7.17680555,90,90,90,-2.384110295,0.123,,,,,TRUE
156,mp-20407,NdFeO3,,20,239.4777805,6.880891674,Pnma,62,5.46086797,5.6389052,7.77694011,90,90,90,-2.777169347,1.0842,,,,,TRUE
157,mp-20852,NdMnO3,,20,235.6566827,6.96689994,Pnma,62,5.43900702,5.59497621,7.74393852,90,90,90,-2.964242188,1.898,,,,,TRUE
158,mp-4582,NdRhO3,18.58,20,243.6921484,8.044591809,Pnma,62,5.36174282,5.83175504,7.7935672,90,90,90,-2.4959258,0.6487,,,,,TRUE
159,mp-31117,NdScO3,19.79,20,260.3402098,6.051672321,Pnma,62,5.58038856,5.80995328,8.02978969,90,90,90,-3.897227354,4.3025,,,,,TRUE
160,mp-541129,NdVO3,,20,238.607339,6.769493594,Pnma,62,5.44723174,5.67955965,7.71246632,90,90,90,-3.221811694,1.1901,,,,,TRUE
161,mp-977455,PaAgO3,25.76,5,80.34031926,7.996811026,Pm-3m,221,4.3149707,4.3149707,4.3149707,90,90,90,-2.839161467,0.915,,,,,TRUE
162,mp-862832,PaTlO3,23.99,5,83.82164362,9.576684617,Pm-3m,221,4.37641728,4.37641728,4.37641728,90,90,90,-3.175736498,2.6427,,,,,TRUE
163,mp-19893,PbCO3,44.56,20,268.751733,6.604025394,Pnma,62,5.18693591,6.06501914,8.54295691,90,90,90,-1.8099895,3.3293,,,,,TRUE
164,mp-20716,PbSeO3,23.53,10,158.841815,6.986607974,P2_1/m,11,4.543913329,5.53663,6.590420842,90,106.6598799,90,-1.456500213,2.8909,,31.75687874,27.17593098,4.58094776,TRUE
165,mp-545482,PdSeO3,23.11,10,154.6848995,5.010619907,P2_1/m,11,3.915402921,6.170011595,6.445083638,90.00388517,90.00382256,96.54886135,-1.033657362,1.0589,,6.801796047,1.67796188,5.123834167,TRUE
166,mp-3466,PrAlO3,22.74,10,107.0957811,6.694744447,R-3c,167,5.313161821,5.313161678,5.313160873,60.4327145,60.43271113,60.43272144,-3.659524843,4.1325,,,,,TRUE
167,mp-861504,PrBO3,41.46,20,239.3495105,5.542315603,Pnma,62,5.07421834,5.77535461,8.16741715,90,90,90,-3.450173906,4.6526,,,,,TRUE
168,mp-1105822,PrCrO3,,20,234.0318509,6.837139434,Pnma,62,5.46700644,5.52184358,7.7524912,90,90,90,-3.125332738,2.0419,,,,,TRUE
169,mp-22341,PrFeO3,,20,242.4558416,6.705028764,Pnma,62,5.49878697,5.63563068,7.82389895,90,90,90,-2.760758106,1.0793,,,,,TRUE
170,mp-4789,PrRhO3,18.39,20,247.0717314,7.844914415,Pnma,62,5.40540234,5.82736449,7.84373387,90,90,90,-2.474946942,0.6013,,,,,TRUE
171,mp-559756,PrScO3,19.82,20,263.5627526,5.893649057,Pnma,62,5.6176864,5.82086436,8.06007464,90,90,90,-3.88221691,4.2605,,,,,TRUE
172,mp-1209329,PrVO3,,20,239.6257682,6.648298264,Pnma,62,5.48384877,5.49925769,7.94591615,90,90,90,-3.206240315,1.3016,,,,,TRUE
173,mp-28872,RbBrO3,24.06,5,88.91758518,3.984692341,R3m,160,4.4669857,4.466985267,4.466986082,87.66332651,87.66333298,87.66332228,-1.070504135,3.9953,,6.948557917,4.23630146,2.712256457,TRUE
174,mp-27193,RbIO3,23.13,5,92.30058405,4.684210199,R3m,160,4.519323495,4.519324409,4.519323165,89.71652165,89.71650902,89.71651552,-1.383422173,2.8369,,8.74922013,5.35918276,3.39003737,TRUE
175,mp-3283,RbNbO3,26.3£¨#£©,20,354.3346449,4.243448232,P-1,2,5.145686136,8.4724441,8.991564092,114.2100765,93.50123908,94.76049878,-2.839814395,3.3093,,,,,TRUE
176,mp-1219584,RbNO3,43.16£¨#£©,5,95.30445599,2.569493494,R3m,160,4.75126996,4.751269516,4.751269755,72.80689611,72.80690648,72.80690225,-1.422213282,3.0415,,,,,TRUE
177,mp-1206844,RbPaO3,,5,84.09243656,7.197670045,Pm-3m,221,4.38112501,4.38112501,4.38112501,90,90,90,-3.537302989,3.001,,,,,TRUE
178,mp-4135,RbPO3,38.02,20,330.3261196,3.306534152,P2_1/c,14,4.23479786,6.481794279,13.12275816,66.49759589,90,90,-2.678160103,5.1119,,,,,TRUE
179,mp-3033,RbTaO3,27.26,20,333.9864739,6.25290629,C2/m,12,6.430271023,6.430269925,8.168089365,86.24770949,86.24770814,83.070555,-3.034925338,3.5412,,17.48296295,13.78653115,3.6964318,TRUE
180,mp-11775,RbUO3,,5,81.09117913,7.607261576,Pm-3m,221,4.32836957,4.32837261,4.32837261,90,90,90,-3.305348497,0.4542,,,,,TRUE
181,mp-19031,RbVO3,,20,343.4634193,3.566212187,Pbcm,57,5.319552,5.70559893,11.31629318,90,90,90,-2.410380934,3.0572,,,,,TRUE
182,mp-974724,ReClO3,,20,382.5701114,4.681787337,P2_1/c,14,9.04782768,5.589611587,9.016628178,57.03039353,90,90,-1.858606693,3.5834,,,,,TRUE
183,mp-573051,ReO3F,,30,434.0414439,5.812179655,P2/c,13,6.08501428,6.809656732,10.47486922,89.74707039,90,90,-2.187948307,3.009,,,,,TRUE
184,mp-28109,SbAsO3,23,20,328.7660241,4.943337655,P2_1/c,14,13.18079052,4.582365786,6.80426344,53.12739553,90,90,-1.700518128,3.5099,,8.38463885,4.26195878,4.12268007,TRUE
185,mp-626218,SbHO3,106.99,20,279.5668212,4.05718884,Fdd2,43,7.505387749,7.262888166,7.269138417,62.190848,58.86401325,58.94819287,-1.593076226,1.4139,,,,,TRUE
186,mp-8697,ScBO3,40.72,10,100.6738489,3.423054231,R-3c,167,5.799975271,5.799975081,5.799976905,48.58945306,48.58945178,48.58945248,-3.437704533,4.118,,15.50832213,11.60460466,3.90371747,TRUE
187,mp-21723,SiPbO3,,60,894.2667611,6.312259446,P2/c,13,7.0522272,11.22191635,13.00114339,60.35943029,90,90,-2.59668986,3.1053,,,,,TRUE
188,mp-7405,SmAlO3,22.28,20,208.4178005,7.181448769,Pnma,62,5.28319658,5.2813461,7.46953229,90,90,90,-3.698558147,4.8614,,,,,TRUE
189,mp-8627,SmBO3,,20,235.3941317,5.902162905,P-1,2,6.238567888,6.494456475,6.490059025,93.07748134,107.5582598,107.9284307,-3.489052863,5.2713,,,,,TRUE
190,mp-1105788,SmCrO3,,20,227.2527737,7.317368916,Pnma,62,5.35209304,5.54722294,7.65437822,90,90,90,-3.171835336,2.4802,,,,,TRUE
191,mp-770767,SmCuO3,,20,235.7812521,7.378061688,Pnma,62,5.28006365,6.29098458,7.09825327,90,90,90,-2.412864683,0.1218,,,,,TRUE
192,mp-20243,SmFeO3,,20,234.8735553,7.188793033,Pnma,62,5.388497242,5.6492765,7.715669676,89.99959882,90.00374659,89.99995895,-2.804567006,1.0882,,,,,TRUE
193,mp-3317,SmRhO3,18.83,20,237.7355018,8.41708772,Pnma,62,5.29624651,5.8243809,7.70683536,90,90,90,-2.529653678,0.7331,,,,,TRUE
194,mp-31118,SmScO3,19.95,20,254.9579411,6.338811596,Pnma,62,5.52626673,5.78431658,7.97599084,90,90,90,-3.922027836,4.3669,,,,,TRUE
195,mp-1188225,SmVO3,,20,233.7147946,7.085078066,Pnma,62,5.36908064,5.69279481,7.64646575,90,90,90,-3.250494486,1.5136,,,,,TRUE
196,mp-769144,SnGeO3,28.81,60,970.796607,4.912835918,P2/c,13,7.15438283,11.74797256,13.32631948,60.08063355,90,90,-1.906909301,2.0369,,,,,TRUE
197,mp-29164,SrBiO3,,20,311.1958718,7.355103194,P2_1/c,14,5.954964347,6.14411663,8.505410727,90,90.0347993,90,-2.271877975,0.3106,,33.58090768,24.19628079,9.38462689,TRUE
198,mp-3822,SrCO3,46.22,20,258.4475691,3.794093427,Pnma,62,5.11695695,5.98602397,8.43766419,90,90,90,-2.700776012,4.4416,,8.106457583,5.380808533,2.72564905,TRUE
199,mp-17464,SrGeO3,25.84,30,480.6018638,4.317347515,C2/c,15,7.260790343,7.260790343,11.2875638,71.65165741,71.65165741,60.11372609,-2.744465639,3.4179,,,,,TRUE
200,mp-3378,SrHfO3,24.32,20,270.9121554,7.701226052,Pnma,62,5.76053461,5.77701466,8.14070902,90,90,90,-3.813715228,4.1704,,32.66451276,28.29983895,4.36467381,TRUE
201,mp-1542758,SrMoO3,,10,135.0425979,5.69466884,C2/m,12,5.732841561,5.742741993,5.805785386,60.02558061,59.70750324,60.16030212,-2.59828902,1.3088,,21.78280647,15.78272392,6.000082546,TRUE
202,mp-20489,SrPbO3,17.69,20,296.9037705,7.669326838,Pnma,62,5.88572476,6.02726206,8.3694263,90,90,90,-2.156900899,0.7941,,25.72461709,18.98482106,6.739796037,TRUE
203,mp-3395,SrSeO3,24.08,10,153.2118213,4.651279267,P2_1/m,11,4.464503016,5.48280168,6.553714734,90,107.2429275,90,-2.317007767,3.7027,,29.11029375,25.7189356,3.391358143,TRUE
204,mp-3978,SrSiO3,33.59,30,447.8557103,3.641838873,C2/c,15,7.136260513,7.136260513,10.9044951,71.42083431,71.42083431,60.1595747,-3.442576777,4.6258,,,,,TRUE
205,mp-2879,SrSnO3,21.57,20,266.2174999,6.345516909,Pnma,62,5.73820206,5.72649997,8.10161313,90,90,90,-2.638708941,1.7365,,17.8067297,13.28399308,4.522736623,TRUE
206,mp-972117,SrTeO3,22.83,20,343.0493269,5.096457796,P2_1/c,14,7.23965219,6.791806534,8.679399906,53.49735093,90,90,-2.379030468,3.3613,,,,,TRUE
207,mp-4651,SrTiO3,24.71,10,119.625078,5.093987782,I4/mcm,140,5.522329701,5.522329559,5.534898479,119.9249071,119.9249046,89.99999866,-3.553012595,1.8488,,7.79749184,1.355577417,6.441914423,TRUE
208,mp-4387,SrZrO3,23.3,20,278.219966,5.41557589,Pnma,62,5.79524115,5.8442896,8.21457412,90,90,90,-3.663009132,3.735,,42.79872521,38.10097593,4.697749273,TRUE
209,mp-676262,TaTlO3,26.85,40,605.2161094,9.511450247,C2/c,15,7.54030697,7.54030697,13.0620291,72.93415426,72.93415426,60.01921597,-2.688446787,0.8726,,,,,TRUE
210,mp-1217607,TbBO3,,10,119.3078876,6.060902319,Ama2,40,3.889950755,4.323501719,8.52708142,90,90,56.29794858,-3.468252026,4.4297,,,,,TRUE
211,mp-19802,TbCoO3,,20,205.6441511,8.586979183,Pnma,62,5.14811318,5.40980175,7.38391903,90,90,90,-2.628637594,1.4209,,,,,TRUE
212,mp-756124,TbCrO3,,20,220.4416568,7.801541691,Pnma,62,5.25593727,5.54415288,7.56498891,90,90,90,-3.216111143,2.4854,,,,,TRUE
213,mp-5692,TbRhO3,18.26,20,229.5533845,8.964942819,Pnma,62,5.22941294,5.77580762,7.6000779,90,90,90,-2.577233066,0.7746,,,,,TRUE
214,mp-554811,TbVO3,,20,226.4590336,7.563310372,Pnma,62,5.27539823,5.67600385,7.56295853,90,90,90,-3.293091636,1.4396,,,,,TRUE
215,mp-1195796,TeHO3,94.47(#),40,460.9684669,5.089482964,Pna2_1,33,4.74930327,8.0353211,12.07919741,90,90,90,-1.385295234,2.2733,,,,,TRUE
216,mp-543039,TePbO3,21.86,60,1055.472121,7.22692361,C2/c,15,4.60105577,13.51009858,18.02331347,106.7912857,90,99.80422101,-1.551654146,2.9418,,,,,TRUE
217,mp-13641,TiCdO3,22.23,10,119.0441478,5.810462307,R-3,148,5.823052726,5.823053588,5.823052171,53.69843079,53.69841846,53.69841719,-2.679648433,2.9057,,23.72799331,17.99267264,5.735320673,TRUE
218,mp-1277107,TiFeO3,,20,219.1665363,4.597795231,P-1,2,5.130769391,5.554206937,8.954461721,106.2221753,89.46683158,115.5815896,-2.730476169,2.2487,,,,,TRUE
219,mp-19082,TiMnO3,,10,107.8326305,4.644506556,R-3,148,5.575393352,5.575393558,5.575393013,54.84196489,54.84195498,54.84195199,-2.955367433,2.0049,,23.56882787,17.74770992,5.821117947,TRUE
220,mp-20459,TiPbO3,24.74,5,64.50656432,7.801556472,P4mm,99,3.8795519,3.8795519,4.28588762,90,90,90,-2.731353162,1.813,,42.37236956,35.93321149,6.439158063,TRUE
221,mp-754246,TiSnO3,21.42,10,156.7978331,4.544839624,R-3,148,7.595236879,7.595236881,7.595237497,39.10563751,39.10563897,39.10563893,-2.75537485,1.1086,,23.16301115,17.66876796,5.49424319,TRUE
222,mp-22981,TlIO3,22.6,5,91.31995052,6.89684091,R3m,160,4.504218648,4.504218742,4.50421841,88.77705877,88.77706451,88.7770726,-0.981547758,2.7633,,39.01517699,34.56112156,4.454055433,TRUE
223,mp-5915,TlNO3,43.16,40,596.5466891,5.932115907,Pnma,62,6.18047927,7.91332221,12.19729243,90,90,90,-0.990392598,2.7867,,,,,TRUE
224,mp-27144,TlPO3,36.84,40,638.7158328,5.893356114,P-42_1c,114,7.58522238,7.58522238,11.10122861,90,90,90,-2.26069208,3.4595,,,,,TRUE
225,mp-557787,TlSbO3,19.3,20,362.4069017,6.857226772,P-31c,163,5.33070696,5.330706616,14.72638829,90,90,120.0000021,-1.715196618,2.4363,,,,,TRUE
226,mp-777295,TmCrO3,,20,213.0146064,8.385646497,Pnma,62,5.16618224,5.50964451,7.48369507,90,90,90,-3.249505101,2.4448,,,,,TRUE
227,mp-1207705,TmRhO3,,20,221.6222056,9.585742424,Pnma,62,5.17444652,5.70187168,7.51159096,90,90,90,-2.610030468,0.9565,,,,,TRUE
228,mp-865322,UTlO3,,5,80.91677642,10.06399019,Pm-3m,221,4.32518333,4.32517519,4.32544057,90,90,90,-2.941306268,0.2736,,,,,TRUE
229,mp-1178815,VAgO3,,20,287.6306546,4.775744055,C2/c,15,7.305953608,7.305953608,5.802879397,74.50897405,74.50897405,85.38522191,-1.746094415,1.9488,,11.0733687,6.020937217,5.052431487,TRUE
230,mp-18946,VBO3,,10,89.69635939,4.063605841,R-3c,167,5.522130316,5.522130651,5.52212972,49.5677236,49.56773593,49.56773785,-2.727402642,1.8747,,9.61976712,5.024007817,4.595759303,TRUE
231,mp-29188,VHgO3,,10,147.3591996,6.750589983,P-1,2,3.583442644,4.878733204,8.653536119,85.81277175,77.59814178,88.74475352,-1.790093114,2.1756,,,,,TRUE
232,mp-755213,YbCO3,48.14,20,206.7421413,7.48733278,Pnma,62,5.525411245,4.847823675,7.718227801,90.00041099,90.00174931,90.00842324,-2.814996718,3.8983,,,,,TRUE
233,mp-865758,YbGeO3,27.91,5,49.99877573,9.753521302,Pm-3m,221,3.68400143,3.68400143,3.68400143,90,90,90,-2.765986294,1.0157,,,,,TRUE
234,mp-780387,YbHfO3,24.12,20,242.4939285,10.94348528,Pnma,62,5.6687962,7.84848545,5.45034719,90,90,90,-3.971886799,4.5175,,,,,TRUE
235,mp-22518,YbMnO3,,20,197.5789776,9.277694254,Pnma,62,5.14530093,5.24124159,7.32648686,90,90,90,-2.703575747,0.2503,,,,,TRUE
236,mp-29205,YBO3,35.74,30,327.0097546,4.500537513,Cmcm,63,6.54242982,6.54242982,8.82893208,90,90,120.0812712,-3.531547106,5.1696,,12.70311322,9.148892343,3.554220877,TRUE
237,mp-1187516,YbSiO3,,5,43.77570242,9.449982831,Pm-3m,221,3.52433926,3.52433926,3.52433926,90,90,90,-3.432048631,4.0689,,,,,TRUE
238,mp-754225,YbTiO3,24.76,20,215.0025577,8.307391216,Pnma,62,5.27085035,5.42027822,7.52560399,90,90,90,-3.734184524,2.3173,,,,,TRUE
239,mp-703673,YbVO3,,20,205.6639123,8.783902089,Pnma,62,5.20518621,5.31945737,7.42770231,90,90,90,-3.118281276,0.448,,,,,TRUE
240,mp-18725,YCrO3,,20,219.3803195,5.719311185,Pnma,62,5.24543586,5.5395879,7.54985526,89.99998068,90.00033939,89.99999979,-3.200300104,2.2384,,17.12401064,11.87548831,5.24852233,TRUE
241,mp-1207629,YRhO3,,20,228.1686601,6.981031071,Pnma,62,5.22677739,5.75872435,7.58046239,90,90,90,-2.556357299,0.8142,,20.87794644,10.10925298,10.76869346,TRUE
242,mp-769404,YSeO3,23.63,40,621.1035251,4.616952551,P2_1/c,14,12.23956373,5.938537082,8.895160062,73.87316778,90,90,-2.508511457,1.8121,,,,,TRUE
243,mp-18883,YVO3,,20,224.2732113,5.563301518,Pnma,62,5.274392604,5.659848681,7.512776293,89.92957948,90.00384684,90.00254289,-3.274965358,1.5639,,,,,TRUE
244,mp-9812,ZnCO3,,10,93.45393807,4.456983342,R-3c,167,5.660201746,5.660201979,5.660201416,48.55208898,48.55208757,48.55209382,-1.823241557,3.5639,,10.82685413,7.414343387,3.412510743,TRUE
245,mp-5338,ZnSeO3,24.73,40,538.6539781,4.74416993,Pbca,61,6.21569912,7.21441768,12.01209078,90,90,90,-1.503193069,3.8162,,,,,TRUE
,,,,,,,,,,,,,,,,,,,,,
,,,130,,,,,,,,,,,,,245,,,,,
,,,,,,,,,,,,,,,,,,,,,
,,,,,,,,,,,,,,,0--1,48,,,,,
,,,,,,,,,,,,,,,1--2,45,,,,,
,,,,,,,,,,,,,,,2--3,62,,,,,
,,,,,,,,,,,,,,,3--4,50,,,,,
,,,,,,,,,,,,,,,4--5,28,,,,,
,,,,,,,,,,,,,,,5--6,12,,,,,
