number,material_id,formula,Wmax,nsites,volume,density,space_group,spg_num,a,b,c,alpha,beta,gamma,Ef,Eg,is_stable
1,mp-775761,AgClO3,25.79,20,291.0597233,4.366022674,P2_13,198,6.6271587,6.6271587,6.6271587,90,90,90,-0.416786181,2.925,FALSE
2,mp-849271,AgIO3,21.92,20,331.9799078,5.657596324,Pnma,62,5.915064,6.645817,8.445084,90,90,90,-0.698567756,1.9765,FALSE
3,mp-8196,AgNO3,42.39,5,66.94305711,4.213744204,R3m,160,4.151836391,4.151836044,4.151836391,77.22416012,77.22415774,77.22416012,-0.652688478,1.7204,FALSE
4,mp-558637,AgTeO3,20.54,40,574.8261714,6.550947813,P2_1/c,14,11.826693,6.024564,9.221228838,61.03323127,90,90,-1.128790629,1.6662,FALSE
5,mp-561489,AgTeO3,21.8,20,274.1800335,6.867123404,P2_1/m,11,5.461745684,6.91813729,7.39980156,90.00000081,89.99999287,101.3021652,-1.12914082,1.1676,FALSE
6,mp-8110,AlBO3,41.02,10,81.46986382,3.497216426,R-3c,167,5.314435905,5.314435905,5.314435922,50.16091164,50.16091164,50.16091429,-3.119121233,5.8392,FALSE
7,mp-772898,AlGaO3,24.94,40,399.149559,4.815930171,Pna2_1,33,5.001676,8.601477,9.277844,90,90,90,-2.820866615,3.2132,FALSE
8,mp-772187,AlGaO3,24.31,40,394.6282278,4.871107205,Pna2_1,33,4.995092,8.625028,9.159761,90,90,90,-2.819793979,3.1117,FALSE
9,mp-754157,AlInO3,22.78,10,112.2844765,5.613715616,P6_3/mmc,194,3.283820397,3.283820397,12.023484,90,90,120.000008,-2.677910509,2.162,FALSE
10,mp-3187,BaCeO3,21.91,20,344.6473317,6.272009405,Pnma,62,6.25973589,6.24763379,8.81258554,90,90,90,-3.591372272,2.2207,TRUE
11,mp-5663,BaCeO3,21,5,89.56619858,6.033613518,Pm-3m,221,4.474193,4.474193,4.474193,90,90,90,-3.551038376,2.299,FALSE
12,mp-5504,BaCO3,45.14,20,308.7916524,4.24472577,Pnma,62,5.35922589,6.41636356,8.97996254,90,90,90,-2.684006068,4.3974,TRUE
13,mp-762225,BaCO3,45.07,10,164.946001,3.973227229,P2_1,4,5.403903,4.580137,6.982292724,72.64213507,90,90,-2.670769234,4.474,FALSE
14,mp-4559,BaCO3,44.66,5,75.08311096,4.364283352,R3m,160,4.316593126,4.316593092,4.31659373,77.02716604,77.02716971,77.02716943,-2.662161333,4.3635,FALSE
15,mp-676020,BaCO3,45.47,10,167.4391229,3.914066981,C2/m,12,4.6217168,4.6217168,9.061459814,70.80446823,70.80446823,71.02264189,-2.65024016,4.0287,FALSE
16,mp-13863,BaGeO3,23.89,20,345.7138411,4.956252732,P2_12_12_1,19,4.64225534,5.75213457,12.94668869,90,90,90,-2.696764588,3.5519,TRUE
17,mp-998552,BaHfO3,16.44,5,72.50319462,8.332451499,Pm-3m,221,4.170042393,4.169091207,4.170376634,89.9994643,89.99434031,89.99884047,-3.787478027,3.5394,TRUE
18,mp-6989,BaSeO3,23.75,10,176.7597079,4.965564886,P2_1/m,11,4.727316927,5.68404761,6.881633589,90,107.0762024,90,-2.318842496,3.8866,TRUE
19,mp-776084,BaSiO3,32.75,30,518.5696943,4.100241203,C2/c,15,7.519856188,7.519856188,11.3869284,71.26487481,71.26487481,60.14571229,-3.404776582,4.542,TRUE
20,mp-7339,BaSiO3,31.19,20,335.4647699,4.225502484,P2_12_12_1,19,4.638022,5.691674,12.707909,90,90,90,-3.382744732,4.5345,FALSE
21,mp-776076,BaSiO3,31.26,40,643.3305774,4.40677707,P2_1/c,14,6.398849,7.928865,14.3541053,62.05222586,90,90,-3.365856718,4.6215,FALSE
22,mp-3163,BaSnO3,19.06,5,71.13628093,7.097114448,Pm-3m,221,4.14346542,4.14346542,4.14346542,90,90,90,-2.588231648,0.3724,TRUE
23,mp-5431,BaTeO3,22.24,10,189.2637879,5.491008348,P2_1/m,11,4.650439182,5.95910517,7.120932753,90,106.4470613,90,-2.357820811,2.7149,TRUE
24,mp-556021,BaTeO3,23.08,60,1133.008124,5.503485899,Pnma,62,6.15247695,12.37206862,14.88472134,90,90,90,-2.348481261,3.0703,FALSE
25,mp-5020,BaTiO3,23.17,5,65.63564907,5.899610404,R3m,160,4.033806555,4.033805893,4.033806146,89.8363828,89.83636958,89.8363873,-3.493000364,2.5087,TRUE
26,mp-558125,BaTiO3,23.76,30,402.919428,5.766285732,C222_1,20,5.752887433,5.752887433,14.01903216,90,90,119.7247726,-3.489695166,2.0811,FALSE
27,mp-5933,BaTiO3,23.52,30,400.2367535,5.804935525,P6_3/mmc,194,5.745668326,5.745668382,13.99927295,89.99999183,89.99999815,120.0000582,-3.484597418,1.7261,FALSE
28,mp-2998,BaTiO3,22.84,10,128.7388335,6.015663614,Pm-3m,221,5.666408035,5.666407644,5.668373885,119.9885356,119.9885368,90.00000405,-3.478261774,1.6663,FALSE
29,mp-5986,BaTiO3,24.17,5,65.32709969,5.927475121,P4mm,99,3.99037921,3.99037921,4.10265539,90,90,90,-3.489792988,1.728,FALSE
30,mp-5777,BaTiO3,23.15,5,65.57310742,5.905237275,Amm2,38,3.98333387,4.057342645,4.057342358,90.25451682,90,90,-3.492527184,2.293,FALSE
31,mp-3834,BaZrO3,24.5,5,74.74546324,6.143794292,Pm-3m,221,4.21238715,4.21238715,4.21238715,90,90,90,-3.639932345,3.0377,TRUE
32,mp-31250,BiBO3,39.19,20,259.3416907,6.858520762,P2_1/c,14,5.0360157,6.585006132,8.30720892,109.7120783,90,90,-2.301139162,3.0096,TRUE
33,mp-755893,CaBiO3,17.5,20,289.0372281,6.826443674,P2_1/c,14,5.75831054,6.02554523,8.330347024,90,90.10598141,90,-2.274895144,0.6776,TRUE
34,mp-3953,CaCO3,45.47,10,122.9495072,2.703519701,R-3c,167,6.358447833,6.358447249,6.35844589,46.37140907,46.3714226,46.37141314,-2.688771265,4.9995,TRUE
35,mp-553939,CaCO3,46.1,20,248.7939356,2.672062035,Pnma,62,4.43217633,6.59314591,8.51392996,90,90,90,-2.675202958,4.7183,FALSE
36,mp-4626,CaCO3,47.18,20,234.2438317,2.83803772,Pnma,62,5.016055,5.812071,8.034798,90,90,90,-2.664417215,4.1871,FALSE
37,mp-561412,CaCO3,45.61,15,191.627928,2.601889128,C2,5,5.040837189,5.040837189,8.744577876,89.3545317,89.3545317,59.59667762,-2.681573845,4.9726,FALSE
38,mp-554549,CaGeO3,23.7,80,969.4508786,4.404564021,I4_1/a,88,10.79928468,10.79925874,10.79935735,109.1442465,109.1441852,110.1265634,-2.73633884,2.5121,FALSE
39,mp-776074,CaGeO3,26.39,30,438.5384045,3.651340809,C2/c,15,7.013544285,7.013544285,10.99971611,71.9917261,71.9917261,60.20347937,-2.720673893,3.2925,FALSE
40,mp-754853,CaHfO3,23.74,20,252.2913382,7.017975204,Pnma,62,5.54646636,5.72177289,7.94978423,90,90,90,-3.821701439,4.4855,TRUE
41,mp-20079,CaPbO3,18.16,20,275.2729661,7.12482119,Pnma,62,5.67798819,5.92801194,8.17824295,90,90,90,-2.17397737,0.9332,FALSE
42,mp-4784,CaPtO3,19.94,10,114.9423683,8.18146661,Cmcm,63,3.149575091,5.196789837,7.36890555,89.99999908,90.0000026,107.6372847,-1.99226507,1.2953,FALSE
43,mp-557997,CaSeO3,24.69,20,284.2313548,3.90344177,P2_1/c,14,6.393451796,6.694465492,6.80623043,90,90,102.6581409,-2.307690412,4.2602,TRUE
44,mp-754140,CaSeO3,23.58,20,288.9732092,3.839388938,Pnma,62,5.38834087,6.42879274,8.34205588,90,90,90,-2.295762728,4.1407,FALSE
45,mp-5733,CaSiO3,33.15,60,797.3329242,2.903043911,P2_1/c,14,7.32539354,7.084213615,15.43457976,84.53615567,90,90,-3.448797315,4.9087,TRUE
46,mp-561086,CaSiO3,34.65,60,819.3157372,2.825153217,C2/c,15,6.917114322,6.917114322,19.79627122,89.67195844,89.67195844,120.1103671,-3.42858088,4.708,FALSE
47,mp-17552,CaSiO3,34.25,30,410.0947288,2.822143676,C2/c,15,6.909451753,6.909451753,10.61770469,71.70554429,71.70554429,60.25371636,-3.428483631,4.7336,FALSE
48,mp-4190,CaSnO3,19.28,10,134.5339094,5.10468424,R-3,148,6.015841627,6.015841561,6.015841484,54.58886767,54.58886888,54.5888649,-2.680447652,2.9379,TRUE
49,mp-4438,CaSnO3,21.13,20,248.8057122,5.520396787,Pnma,62,5.52398931,5.6962779,7.90708393,90,90,90,-2.666428546,2.3301,FALSE
50,mp-560097,CaTeO3,23.66,60,1069.212965,4.019465918,P2_1/c,14,5.749993,8.67375,22.94403208,69.12707607,90,90,-2.398605611,3.1794,FALSE
51,mp-17008,CaTeO3,23.6,30,512.6112812,4.191933759,P2_1,4,5.69158575,8.463031369,11.34300822,69.753312,90,90,-2.398910582,3.2993,FALSE
52,mp-4019,CaTiO3,23.95,20,224.0997377,4.029259414,Pnma,62,5.37204886,5.46279649,7.63635962,90,90,90,-3.556850533,2.3053,TRUE
53,mp-556003,CaTiO3,25.12,10,112.5287573,4.012112102,Imma,74,5.410401932,5.410401932,5.410401932,119.776557,119.5777824,90.56015927,-3.545778422,2.1586,FALSE
54,mp-754701,CaTiO3,22.88,10,124.953417,3.61317041,R-3,148,5.92377492,5.92377492,5.923775101,53.59156917,53.59156917,53.59156818,-3.528497845,3.3276,FALSE
55,mp-3442,CaTiO3,25.05,10,112.4131252,4.016239102,I4/mcm,140,5.441143344,5.441143344,5.441143344,120.8454907,120.8454907,88.54170097,-3.538366826,2.2434,FALSE
56,mp-776024,CaZrO3,23.91,40,542.7856698,4.38825125,Pba2,32,5.831835,8.123604,11.457092,90,90,90,-3.645573069,3.4707,FALSE
57,mp-755478,CdBiO3,16.77,10,145.2691758,8.444817808,R3,146,5.829561946,5.830423031,5.972227016,60.77515692,119.1751925,119.979308,-1.453193147,0.767,TRUE
58,mp-4385,CdCO3,44.64,10,115.5290272,4.956502911,R-3c,167,6.145127278,6.145126917,6.145126563,47.52436093,47.52436881,47.52435309,-1.76361442,2.6226,TRUE
59,mp-2951,CdGeO3,25.02,20,261.903463,5.910380819,C2/c,15,7.04561341,7.04561341,5.399845231,81.38321713,81.38321713,86.93910729,-1.865228799,1.5369,FALSE
60,mp-7588,CdGeO3,23.96,80,996.4899422,6.213606936,I4_1/a,88,10.89885762,10.89885762,10.89885762,109.1243703,109.1243703,110.1671708,-1.849625289,1.301,FALSE
61,mp-8275,CdGeO3,20.49,10,118.8363056,6.512947354,R-3,148,5.90404287,5.90404287,5.904043563,52.19537208,52.19537208,52.19538096,-1.844354094,1.4099,FALSE
62,mp-559203,CdSeO3,24.2,40,632.4855476,5.02755403,P2_1/c,14,12.93395545,5.76007937,8.662010624,78.55157905,90,90,-1.417142669,3.4047,TRUE
63,mp-9186,CdSeO3,23.02,20,273.4878134,5.813522774,Pnma,62,5.32817807,6.31758539,8.12471485,90,90,90,-1.407166377,3.0904,FALSE
64,mp-560560,CdSiO3,33.25,60,766.9319925,4.897479562,P2_1/c,14,7.28599731,6.992660796,15.10775788,85.123904,90,90,-2.543795978,2.573,TRUE
65,mp-776023,CdSiO3,31.92,40,529.9800388,4.724748712,Pbcn,60,5.519971,9.745057,9.852316,90,90,90,-2.516997045,2.5256,FALSE
66,mp-754329,CdSnO3,18.79,10,131.0406149,7.073964607,R-3,148,5.933372171,5.933372293,5.933373283,55.14847345,55.14848066,55.14848451,-1.845935294,0.9762,TRUE
67,mp-849371,CdSnO3,20.78,20,242.8075437,7.63548494,Pnma,62,5.47790823,5.60073751,7.91411222,90,90,90,-1.815552042,0.6904,FALSE
68,mp-28290,CdTeO3,21.49,40,604.9274932,6.32473192,P2_1/c,14,11.30735991,7.451632652,7.831885009,66.44744827,90,90,-1.52981919,2.9646,TRUE
69,mp-28873,CsBrO3,23.95,5,99.77612006,4.340530526,R3m,160,4.639254737,4.639254476,4.639254038,88.72505696,88.72504892,88.72505622,-1.079035389,4.1681,TRUE
70,mp-760386,CsClO3,28.48,5,109.0794276,3.293642815,R3m,160,4.790057835,4.790057835,4.790058042,85.84492341,85.84492341,85.84493363,-1.154329729,5.4658,FALSE
71,mp-754202,CsClO3,28.76,10,211.6552927,3.394847048,Pmn2_1,31,4.726173,6.573452,6.812806,90,90,90,-1.150870517,5.3706,FALSE
72,mp-28295,CsIO3,23.32,10,203.8924746,5.013695697,Pmn2_1,31,4.669043714,6.601774174,6.61473721,90,90,89.99353567,-1.386134046,3.0912,TRUE
73,mp-27556,CsNbO3,25.86,40,769.5758858,4.726470912,P2_1/c,14,16.04611897,5.169600477,9.291497475,86.83904432,90,90,-2.83532722,3.3425,TRUE
74,mp-561681,CsSO3,36.18,20,402.8707197,3.511228284,P6_3mc,186,6.33106207,6.33106359,11.60598051,90,90,120.0000026,-2.07551566,5.1115,TRUE
75,mp-756630,DyAlO3,22.04,20,202.34271,7.795573824,Pnma,62,5.16840341,5.31063225,7.37199326,90,90,90,-3.749037119,5.723,FALSE
76,mp-754936,DyAlO3,23.48,10,103.6705024,7.60764874,R-3c,167,5.237056292,5.237056292,5.237056611,60.91956114,60.91956114,60.91956644,-3.721066197,5.166,FALSE
77,mp-755612,DyGaO3,19.77,20,226.9088559,8.202734055,Pnma,62,5.307153,5.597165,7.63874,90,90,90,-3.134701977,3.6351,FALSE
78,mp-769015,DyGaO3,20.97,30,380.2910574,7.341507103,P6_3cm,185,6.12098791,6.12098791,11.7204,90,90,119.999999,-3.158010685,2.8659,FALSE
79,mp-768149,DyInO3,18.77,30,420.1945037,7.713574372,P6_3cm,185,6.28807684,6.288076821,12.27113037,89.99999556,90.00000379,120.0001173,-2.999813897,1.9871,FALSE
80,mp-31120,DyScO3,21,20,250.4062485,6.776053477,Pnma,62,5.45367,5.747842,7.988247,90,90,90,-3.964136815,4.4598,FALSE
81,mp-769393,DySeO3,23.68,40,618.5495841,6.21656419,P2_1/c,14,12.22147792,5.931740473,8.88506698,73.80175795,89.99950874,89.9991949,-2.52822402,1.7861,TRUE
82,mp-756458,ErAlO3,22.09,20,199.3891779,8.069583178,Pnma,62,5.11890551,5.31641715,7.32664956,90,90,90,-3.764123697,5.803,FALSE
83,mp-754943,ErBiO3,18.15,10,157.8502147,8.92571619,R3c,161,6.136270504,6.136270504,6.13627022,58.520316,58.520316,58.52031053,-2.829217516,3.1136,FALSE
84,mp-760405,ErBO3,40.91,10,117.2105508,6.405482703,Ama2,40,3.915666903,3.915666903,8.606045,90,90,117.3416567,-3.474839368,4.563,FALSE
85,mp-772217,ErInO3,18.84,30,411.7619877,7.986693006,P6_3cm,185,6.238329888,6.23832799,12.21741889,90.00000063,89.99999774,120.0000882,-3.012471628,1.956,FALSE
86,mp-558285,GaBiO3,21.03,20,278.0863766,7.80334192,Pcca,54,5.15381992,5.43275855,9.93184812,90,90,90,-1.974169233,1.8794,TRUE
87,mp-554699,GePbO3,24.69,30,513.9167066,6.3557553,R-3,148,9.346834621,9.346834617,9.34683482,113.5018858,113.5018858,113.5018754,-1.929991529,2.7131,TRUE
88,mp-755790,HfPbO3,23.84,20,275.2583349,10.46516828,Pnma,62,5.79707532,5.79311185,8.19633351,90,90,90,-2.985806438,2.7562,FALSE
89,mp-22734,HfPbO3,24,40,557.2442267,10.33882329,Pbam,55,5.83973713,8.16659022,11.68453719,90,90,90,-2.991258216,2.7161,FALSE
90,mp-22535,HfPbO3,26.24,5,71.75693875,10.03604963,Pm-3m,221,4.155481,4.155481,4.155481,90,90,90,-2.960002193,2.4149,FALSE
91,mp-669414,HfPbO3,24,40,581.4064881,9.909159442,Pba2,32,5.931434,8.303966,11.804147,90,90,90,-2.987768847,3.1989,FALSE
92,mp-30284,HgAsO3,21.76,10,157.8199817,6.80776484,P-31m,162,4.86693703,4.866937428,7.69342784,90,90,120.000004,-1.366342296,1.2351,TRUE
93,mp-557224,HgSeO3,24.28,20,319.572148,6.807934743,P2_1/c,14,4.404282462,7.229692947,10.3010115,90,90,103.0170745,-1.049740256,2.6045,TRUE
94,mp-10798,HgSeO3,23.04,20,316.2447155,6.8795658,P2_1/c,14,9.14933303,4.822833045,7.168443611,88.81265267,90,90,-1.042742171,1.9987,FALSE
95,mp-9228,HgSeO3,24.42,20,305.0066543,7.133045456,Pnma,62,5.98911586,6.17326333,8.24957921,90,90,90,-1.046712104,2.5571,FALSE
96,mp-23963,HIO3,81.89,20,269.516697,4.335262986,P2_12_12_1,19,5.716437,5.890396,8.00416,90,90,90,-0.908551761,3.1847,FALSE
97,mp-556216,HIO3,85.84,40,545.5318831,4.283620432,Pbca,61,5.689863,6.281024,15.264686,90,90,90,-0.90678223,3.0095,FALSE
98,mp-4891,HoAlO3,22.05,20,200.9767495,7.92887786,Pnma,62,5.14522288,5.3135455,7.35118279,90,90,90,-3.756368111,5.8359,FALSE
99,mp-754300,HoBiO3,17.56,10,157.1470142,8.916443593,R-3,148,6.127323233,6.127323233,6.127324108,58.51664743,58.51664743,58.51664936,-2.798689653,2.4719,FALSE
100,mp-770830,HoBiO3,18.02,20,303.2576792,9.240936566,Pnma,62,5.790455,6.208609,8.435383,90,90,90,-2.812509721,2.7472,FALSE
101,mp-752713,HoBO3,39.65,30,321.8398383,6.926331102,Cmcm,63,6.505299084,6.505299084,8.78765674,90,90,120.0681046,-3.560871418,5.4365,TRUE
102,mp-754409,HoBO3,39.65,10,119.9558629,6.19441526,R-3c,167,6.272718909,6.272718909,6.272719154,46.82821797,46.82821797,46.82822566,-3.534369095,5.0898,FALSE
103,mp-755416,HoGaO3,19.85,20,225.6080379,8.321581015,Pnma,62,5.283774,5.59309,7.634112,90,90,90,-3.141490256,3.6066,FALSE
104,mp-769045,HoGaO3,20.97,30,364.401749,7.728073082,P6_3cm,185,6.013364412,6.013364682,11.63625179,89.99998584,89.99998602,119.999624,-3.172185194,2.8722,FALSE
105,mp-768267,HoInO3,18.81,30,415.9933088,7.849682515,P6_3cm,185,6.263086282,6.263079561,12.2455948,90.00000413,89.99999706,120.000113,-3.00632477,1.9681,FALSE
106,mp-31121,HoScO3,21.11,20,248.6143361,6.889822698,Pnma,62,5.437512,5.733318,7.974802,90,90,90,-3.968887898,4.476,FALSE
107,mp-561102,InBiO3,17.31,20,283.9517915,8.697008402,Pnma,62,5.678355,6.09561,8.203608,90,90,90,-1.790144248,2.4961,FALSE
108,mp-556892,InBiO3,17.1,20,291.0749327,8.484176544,Pna2_1,33,5.710462,6.054819,8.418455,90,90,90,-1.801124639,2.7352,FALSE
109,mp-7027,InBO3,39.53,10,105.3533531,5.473290411,R-3c,167,5.882060384,5.882060643,5.882061289,48.68871997,48.68872112,48.68872217,-2.4608532,2.6556,TRUE
110,mp-8098,InGaO3,19.53,10,115.846635,6.666407292,P6_3/mmc,194,3.32960934,3.329608836,12.06608203,90,90,119.9999951,-2.13178847,1.342,FALSE
111,mp-29799,KBiO3,18.9,60,1020.094499,5.783549581,Pn-3,201,10.06653795,10.06653795,10.06653795,90,90,90,-1.587451643,0.4914,TRUE
112,mp-863367,KBiO3,18.87,30,512.6270581,5.75444372,C2/m,12,8.640119551,8.640119551,10.03376254,55.82079292,55.82079292,71.9043772,-1.577671872,0.8688,FALSE
113,mp-22958,KBrO3,24.15,5,83.95967617,3.30290524,R3m,160,4.394010315,4.394010476,4.394009926,85.10928319,85.1092845,85.109288,-1.066375822,3.8569,TRUE
114,mp-556084,KClO3,29.59,20,370.2079746,2.19874499,Pnma,62,4.736659,5.719557,13.665051,90,90,90,-1.153711966,5.5725,FALSE
115,mp-550506,KClO3,28.81,5,89.14985941,2.28265343,R3m,160,4.529572447,4.529572447,4.529572644,80.01503014,80.01503014,80.01502564,-1.142625458,5.3358,FALSE
116,mp-23022,KClO3,29.85,10,185.0278073,2.199650261,P2_1/m,11,5.701289,4.751184,7.236104033,70.72898769,90,90,-1.153688469,5.4717,FALSE
117,mp-552729,KIO3,23.11,5,87.36269033,4.067605629,R3m,160,4.438137533,4.43813628,4.43886818,88.66743015,88.6674449,88.66447294,-1.376341806,2.5682,FALSE
118,mp-7375,KNbO3,26.67,5,66.42558683,4.499799379,R3m,160,4.049923855,4.049923873,4.049924741,89.8368711,89.83687925,89.83686206,-2.857085212,2.2934,TRUE
119,mp-935811,KNbO3,27.02,5,65.41101791,4.569594296,Pm-3m,221,4.02918278,4.02918278,4.02918278,90,90,90,-2.84417146,1.4121,FALSE
120,mp-5246,KNbO3,26.47,5,66.39970574,4.501553298,Amm2,38,4.00636436,4.071075482,4.071076844,90.20366844,90,90,-2.856950642,2.0585,FALSE
121,mp-4342,KNbO3,27.13,5,66.19193301,4.515683419,P4mm,99,4.01297268,4.01297268,4.11029183,90,90,90,-2.854950746,1.476,FALSE
122,mp-5158,KNO3,44.1,20,306.249426,2.192798407,Pnma,62,5.4109266,6.18542073,9.15028024,90,90,90,-1.427452692,2.9384,TRUE
123,mp-676851,KNO3,43.38,5,86.26040384,1.946267417,R32,155,4.566025342,4.566025342,4.566025713,74.35728749,74.35728749,74.35729053,-1.416398151,3.047,FALSE
124,mp-9475,KNO3,44.04,20,277.3713999,2.421097682,Pnma,62,5.56306744,6.71251908,7.42782769,90,90,90,-1.413148487,3.2872,FALSE
125,mp-5039,KPO3,38.46,40,641.5459608,2.444847847,P2_1/c,14,4.55257852,10.23201105,14.02715163,79.0634855,90,90,-2.691059788,5.0422,TRUE
126,mp-557880,KPO3,38.46,60,1005.757685,2.3392547,P2_1/c,14,12.183133,7.49784,12.14350184,65.05057428,90,90,-2.68742907,5.1473,FALSE
127,mp-547792,KSbO3,20.11,10,153.6462401,4.514453166,R-3,148,6.84028095,6.840261049,6.840306936,46.47726357,46.47717131,46.47728063,-2.054084705,2.6808,TRUE
128,mp-14607,KSbO3,22.22,60,884.6548224,4.704402695,Pn-3,201,9.59970638,9.59970638,9.59970638,90,90,90,-2.035693654,2.4868,FALSE
129,mp-16293,KSbO3,22.94,20,300.1796116,4.621424829,Fd-3m,227,7.515630088,7.515630088,7.515630088,60,60,60,-2.009361735,1.1213,FALSE
130,mp-3614,KTaO3,28.1,5,63.75462003,6.981426042,Pm-3m,221,3.99488137,3.99488137,3.99488137,90,90,90,-3.078375372,2.0995,TRUE
131,mp-2920,LaAlO3,22.65,10,108.6953635,6.53504866,R-3c,167,5.35090685,5.350907329,5.350905874,60.14702703,60.14701797,60.14701406,-3.722956742,4.0189,TRUE
132,mp-5304,LaAlO3,23.48,5,54.13665153,6.560522947,Pm-3m,221,3.7829488,3.7829488,3.7829488,90,90,90,-3.716168238,3.4924,FALSE
133,mp-768518,LaAlO3,26.78,30,442.5997766,4.814707508,Cmcm,63,7.091014976,7.091014976,10.17005618,90,90,120.0592492,-3.722796512,4.4362,FALSE
134,mp-780422,LaAlO3,26.98,60,942.8090747,4.52050903,P2_1/c,14,7.938888,7.367605,16.24774769,82.78194948,90,90,-3.687419683,4.4037,FALSE
135,mp-28853,LaAuO3,20.28,20,302.0584155,8.441168934,Pbcm,57,4.03934509,5.70785039,13.10108913,90,90,90,-2.315636492,1.7977,TRUE
136,mp-768310,LaBiO3,15.77,10,174.4400483,7.537041755,R3c,161,6.27184036,6.27184036,6.271839422,59.99759032,59.99759032,59.99759113,-2.744503804,3.07,FALSE
137,mp-755003,LaBiO3,17.01,10,176.7502235,7.438530497,R-3,148,6.298058724,6.298058724,6.298058326,60.02589617,60.02589617,60.02589877,-2.739047775,2.4004,FALSE
138,mp-8216,LaBO3,40.72,20,247.0484251,5.315766468,Pnma,62,5.12056909,5.8479603,8.25010439,90,90,90,-3.521908926,4.5007,TRUE
139,mp-7492,LaBO3,40.76,10,127.9443149,5.132122266,P2_1/m,11,4.179424058,5.08865142,6.314355325,90,107.6858439,90,-3.514737273,4.0022,FALSE
140,mp-756272,LaDyO3,18.97,20,312.2839333,7.431678447,Pna2_1,33,5.941605,6.1279,8.576976,90,90,90,-3.902797318,4.1534,FALSE
141,mp-556983,LaGaO3,20.86,10,121.6841725,7.004010502,Imma,74,5.560039029,5.560039029,5.560039029,120.2407756,119.5963881,90.14198201,-3.09365805,3.3966,FALSE
142,mp-3336,LaGaO3,20.93,10,121.6297028,7.007147124,R-3c,167,5.52859349,5.52859349,5.52859264,60.79416365,60.79416365,60.79416118,-3.093171771,3.3802,FALSE
143,mp-5837,LaGaO3,20.38,20,244.7766978,6.963712067,Pnma,62,5.559203,5.588688,7.878575,90,90,90,-3.098693406,3.3483,FALSE
144,mp-756166,LaHoO3,19.03,20,306.5519645,7.623295924,Pnma,62,5.883519,6.075524,8.575969,90,90,90,-3.921031217,4.3855,FALSE
145,mp-11623,LaInO3,18.19,20,281.8940254,7.109347134,Pnma,62,5.73615203,5.95376221,8.25417615,90,90,90,-2.93055308,2.7507,FALSE
146,mp-5163,LaRhO3,18,20,250.6205188,7.680766937,Pnma,62,5.50481427,5.76156261,7.90193892,90,90,90,-2.545773302,0.594,TRUE
147,mp-13374,LaTmO3,19.23,20,300.1437927,7.874661618,Pnma,62,5.85709,6.051442,8.468151,90,90,90,-3.963713673,4.414,FALSE
148,mp-10429,LaYO3,18.88,20,311.943116,5.872769225,Pnma,62,5.915933,6.123557,8.610897,90,90,90,-3.884269935,4.3416,FALSE
149,mp-9657,LiAsO3,22.52,10,94.39200397,4.569008445,R-3,148,5.462122369,5.462123678,5.462122762,52.3011792,52.30117693,52.3011727,-1.987598828,3.3568,TRUE
150,mp-559767,LiAsO3,28.54,20,229.1600081,3.763988899,C2/c,15,5.220009522,6.847584682,6.847585503,84.99740085,75.4108094,75.41081511,-1.951823911,2.9408,FALSE
151,mp-23384,LiIO3,24.52,40,567.1687178,4.259170276,P4_2/n,86,9.57814654,9.57814654,6.18228917,90,90,90,-1.396804498,3.7255,TRUE
152,mp-22955,LiIO3,23.71,10,131.0474173,4.608385641,P6_3,173,5.451286393,5.452365867,5.091213541,90.00528201,90.00709659,120.0017041,-1.387786138,3.6861,FALSE
153,mp-22994,LiIO3,24.95,20,280.6028501,4.304425532,Pna2_1,33,5.18097706,5.8027117,9.33360494,90,90,90,-1.391997112,3.644,FALSE
154,mp-3731,LiNbO3,26.46,40,429.062362,4.577485852,R3c,161,5.15394329,5.531529306,17.21247029,87.57036457,98.63069517,117.7709908,-2.900281028,3.3358,TRUE
155,mp-552588,LiNbO3,26.35,10,111.4421587,4.405933344,R-3c,167,5.543736003,5.543736003,5.543735554,56.7526276,56.7526276,56.75263102,-2.867272996,2.3058,FALSE
156,mp-755559,LiNbO3,23.69,10,125.0137889,3.927620523,C2/m,12,5.505402268,5.505402268,5.146995968,83.66509198,83.66509198,124.4320474,-2.845114858,3.2187,FALSE
157,mp-760701,LiNbO3,24.2,20,252.984209,3.881718348,C2/c,15,5.275352384,5.275352384,10.04535152,88.04950148,88.04950148,114.9373197,-2.864373828,3.3905,FALSE
158,mp-776108,LiNbO3,26.69,40,447.3375028,4.390481189,Pbcm,57,5.302477,5.56891,15.149082,90,90,90,-2.870444433,2.7432,FALSE
159,mp-8180,LiNO3,44.34,10,92.80084349,2.467377583,R-3c,167,5.6282987,5.628299005,5.628298959,48.85424376,48.85424111,48.8542476,-1.387882439,2.731,TRUE
160,mp-29195,LiPO3,39.06,60,703.0385066,2.435061438,P2_1/c,14,5.30601022,7.947867306,16.90987642,90,90,99.64294315,-2.703924873,5.6512,TRUE
161,mp-557189,LiPO3,39.06,100,1212.136547,2.353890412,P2/c,13,5.512048,13.301205,19.62527469,57.39720559,90,90,-2.701413841,5.552,FALSE
162,mp-4995,LiSbO3,23.06,20,215.5001331,5.446231896,Pnna,52,4.87993988,5.19125198,8.50669695,90,90,90,-2.118957473,2.1379,TRUE
163,mp-770932,LiSbO3,20.62,10,115.3991935,5.085233538,C2/m,12,6.622148019,5.234383649,9.702363772,86.94645891,42.98349199,51.17114272,-2.118928392,2.7859,FALSE
164,mp-756951,LiSbO3,20.98,10,123.5657317,4.749147204,C2/m,12,5.40736284,5.40736284,5.214531374,82.64105637,82.64105637,122.7499719,-2.077824034,2.7496,FALSE
165,mp-3666,LiTaO3,27.2,10,105.1248948,7.452082825,R3c,161,5.476847657,5.476847759,5.476847362,55.89940507,55.89940795,55.89941377,-3.127952129,3.7003,TRUE
166,mp-755574,LuAlO3,22.3,20,202.0612131,8.216249279,Pnma,62,5.119996,5.361787,7.36044,90,90,90,-3.784896907,5.7429,FALSE
167,mp-7560,LuBO3,40.75,10,109.9836779,7.059129508,R-3c,167,6.032451833,6.032452339,6.032452289,47.71010856,47.71011237,47.71010333,-3.570062279,5.3023,TRUE
168,mp-760461,LuBO3,42.53,10,117.6892909,6.596938601,Cmcm,63,4.600405273,4.600405273,7.966248,90,90,135.7286694,-3.54130087,4.2791,FALSE
169,mp-768505,LuGaO3,21.04,30,349.2296411,8.350153593,P6_3cm,185,5.902617442,5.902615852,11.57413725,89.99999338,89.99995016,119.9993873,-3.220843054,2.8828,TRUE
170,mp-755342,LuGaO3,21.01,10,121.2109389,8.019411365,P6_3/mmc,194,3.457911449,3.457911449,11.705323,90,90,119.9999895,-3.199636685,2.5134,FALSE
171,mp-772180,LuScO3,21.19,30,391.5342711,6.817693971,P6_3cm,185,6.109015092,6.109015092,12.114255,90,90,119.9999902,-4.00712498,2.8145,FALSE
172,mp-768293,LuSeO3,23.54,40,606.4017872,6.614209923,P2_1/c,14,12.428271,5.857039,8.658127517,74.18797173,90,90,-2.544588637,1.4996,FALSE
173,mp-5348,MgCO3,46.44,10,92.60777472,3.023645158,R-3c,167,5.64985544,5.649855438,5.649855685,48.44321015,48.44320468,48.44319922,-2.449295475,4.9603,TRUE
174,mp-4819,MgGeO3,26.18,20,217.505252,4.4262627,C2/c,15,6.553720039,6.553720039,5.168550134,82.13121205,82.13121205,85.83099141,-2.560811452,2.5261,TRUE
175,mp-3759,MgGeO3,21.84,10,101.0299058,4.764605969,R-3,148,5.470433039,5.470433039,5.470433594,54.54174208,54.54174208,54.54174264,-2.540737309,3.6339,FALSE
176,mp-4575,MgGeO3,26.63,80,896.0510826,4.297680803,Pbca,61,5.33724565,8.92147031,18.81824604,90,90,90,-2.559689679,3.1657,FALSE
177,mp-12271,MgSeO3,23.42,20,227.0109625,4.425838297,Pnma,62,5.01646551,5.91728012,7.64763004,90,90,90,-2.031537306,3.9175,TRUE
178,mp-557803,MgSiO3,33.64,40,419.7605203,3.177037385,Pna2_1,33,5.19847528,8.82304323,9.1518143,90,90,90,-3.225199667,4.5579,FALSE
179,mp-5026,MgSiO3,33.85,40,428.8623999,3.109610136,Pbcn,60,5.31230984,8.71185874,9.26667111,90,90,90,-3.22950612,4.6626,FALSE
180,mp-5834,MgSiO3,33.85,80,865.755929,3.080764037,Pbca,61,5.245794,8.945396,18.449503,90,90,90,-3.229972675,4.7002,FALSE
181,mp-4321,MgSiO3,33.49,20,201.4815416,3.309471564,C2/c,15,6.435026357,6.435026357,4.990837375,81.02678019,81.02678019,86.38327046,-3.218569765,4.5306,FALSE
182,mp-3771,MgTiO3,23.81,10,102.5186191,3.892898937,R-3,148,5.470981294,5.470981953,5.470981814,55.07158166,55.07158285,55.07157571,-3.369738015,3.5295,TRUE
183,mp-23054,NaBiO3,17.26,10,143.4056973,6.48368124,R-3,148,6.188547629,6.188547901,6.188547465,53.82550302,53.8255118,53.82551821,-1.594772217,1.0964,TRUE
184,mp-23339,NaBrO3,24.05,20,292.7753205,3.423266817,P2_13,198,6.64015405,6.64015405,6.64015405,90,90,90,-1.020447591,4.4812,TRUE
185,mp-23330,NaClO3,28.27,20,299.3654104,2.361654107,P2_13,198,6.689606,6.689606,6.689606,90,90,90,-1.083627405,5.6332,FALSE
186,mp-22989,NaIO3,23.72,20,291.5189696,4.508908999,Pnma,62,5.71285073,6.37266126,8.00742924,90,90,90,-1.333315606,3.6962,TRUE
187,mp-3136,NaNbO3,28.72,5,64.44912652,4.222756529,Pm-3m,221,4.009335,4.009335,4.009335,90,90,90,-2.805086215,1.5249,FALSE
188,mp-3671,NaNbO3,27.04,40,481.9706708,4.517336614,Pbcm,57,5.5248728,5.6112517,15.54671286,90,90,90,-2.831843312,2.3565,FALSE
189,mp-4419,NaNbO3,28.08,10,124.8139227,4.360939292,P4/mbm,127,5.573516,5.573516,4.01795,90,90,90,-2.818566214,1.5604,FALSE
190,mp-4514,NaNbO3,27.21,10,121.6900376,4.472888253,R3c,161,5.617198572,5.617198085,5.617198165,58.72980802,58.72981109,58.72980534,-2.83542367,2.5296,FALSE
191,mp-4681,NaNbO3,27.06,20,241.4973383,4.507759327,Pmc2_1,26,5.53000775,5.60546511,7.79067262,90,90,90,-2.833432312,2.3684,FALSE
192,mp-4748,NaNbO3,26.96,20,247.4353283,4.399581445,Cmcm,63,5.581053515,5.581053515,7.944256,90,90,90.60105371,-2.8227245,1.8238,FALSE
193,mp-558920,NaNbO3,27.02,40,482.5297953,4.512102215,Pca2_1,29,5.50155075,5.59235205,15.6835549,90,90,90,-2.831820829,2.4364,FALSE
194,mp-559354,NaNbO3,27.98,20,260.5533982,4.178075921,Cmcm,63,4.040949341,4.040949341,15.956757,90,90,90.47144013,-2.810257513,1.7302,FALSE
195,mp-4531,NaNO3,43.94,10,120.0062015,2.352161255,R-3c,167,6.168633246,6.168633278,6.168632823,48.31173923,48.31173643,48.31173891,-1.368156007,2.9451,TRUE
196,mp-865120,NaPaO3,25.28,5,81.04148454,6.188465125,Pm-3m,221,4.32748724,4.32748724,4.32748724,90,90,90,-3.451220429,2.952,TRUE
197,mp-555118,NaPO3,38.71,60,788.6158193,2.576333377,Pnma,62,7.61998559,7.88601616,13.12362076,90,90,90,-2.641745877,5.081,TRUE
198,mp-558192,NaPO3,37.8,40,505.430987,2.679874285,P2_1/c,14,5.95087608,7.597080671,13.07320692,58.77843958,90,90,-2.636428602,5.281,FALSE
199,mp-4482,NaSbO3,20.47,10,128.8309838,4.96876642,R-3,148,6.105268138,6.105268122,6.105267801,51.53023186,51.53023643,51.5302247,-2.061435001,2.7012,TRUE
200,mp-3858,NaTaO3,28.1,20,234.061036,7.149405594,Pnma,62,5.45388623,5.51999928,7.77470694,90,90,90,-3.069424752,2.6172,TRUE
201,mp-4675,NaTaO3,29.13,10,118.7700116,7.044696124,P4/mbm,127,3.95914,5.477129,5.477129,90,90,90,-3.064806311,2.2798,FALSE
202,mp-4699,NaTaO3,28.24,20,235.8540543,7.095054122,Cmcm,63,5.491890318,5.491889829,7.82031063,90,90,90.6064677,-3.068037458,2.5313,FALSE
203,mp-4170,NaTaO3,29.9,5,61.52965494,6.799149457,Pm-3m,221,3.947854064,3.94785413,3.947865,90,90,90.004412,-3.054823913,2.2603,FALSE
204,mp-5537,NbAgO3,25.76,40,513.7503278,6.432648663,Pbcm,57,5.670564,5.747751,15.762602,90,90,90,-2.183031408,1.7879,FALSE
205,mp-17272,NbCuO3,27.81,20,279.194738,4.863962376,C2/m,12,6.450586584,6.450586584,6.754066241,90.78338025,90.78338025,83.51991815,-2.300340515,0.959,FALSE
206,mp-5899,NdAlO3,23.03,10,105.7491346,6.884713762,R-3c,167,5.285252518,5.285251644,5.285252471,60.57397474,60.57397828,60.57397833,-3.673233558,4.354,TRUE
207,mp-14254,NdAlO3,24.58,10,104.234019,6.984787973,Pm-3m,221,5.282518443,5.282518675,5.282517606,60.0001515,60.00015077,60.00014408,-3.645742641,2.8636,FALSE
208,mp-13514,NdBO3,41.43,20,241.1393957,5.5930214,P-1,2,6.29114009,6.584614101,6.572748449,93.73771251,108.4466441,108.2737855,-3.466312132,4.9375,TRUE
209,mp-7238,NdBO3,41.43,20,234.2465146,5.757600291,Pnma,62,5.0493033,5.72881457,8.09798399,90,90,90,-3.45834292,4.6987,FALSE
210,mp-3196,NdGaO3,19.98,20,239.7124343,7.258699431,Pnma,62,5.471236,5.615867,7.801683,90,90,90,-3.054482836,3.4525,FALSE
211,mp-755138,NdInO3,18.55,20,273.9447174,7.445036965,Pnma,62,5.63595378,5.94569456,8.17509696,90,90,90,-2.875345699,2.6533,FALSE
212,mp-4582,NdRhO3,18.58,20,243.6921484,8.044591809,Pnma,62,5.36174282,5.83175504,7.7935672,90,90,90,-2.4959258,0.6487,TRUE
213,mp-31117,NdScO3,19.79,20,260.3402098,6.051672321,Pnma,62,5.58038856,5.80995328,8.02978969,90,90,90,-3.897227354,4.3025,TRUE
214,mp-977455,PaAgO3,25.76,5,80.34031926,7.996811026,Pm-3m,221,4.3149707,4.3149707,4.3149707,90,90,90,-2.839161467,0.915,TRUE
215,mp-862832,PaTlO3,23.99,5,83.82164362,9.576684617,Pm-3m,221,4.37641728,4.37641728,4.37641728,90,90,90,-3.175736498,2.6427,TRUE
216,mp-19893,PbCO3,44.56,20,268.751733,6.604025394,Pnma,62,5.18693591,6.06501914,8.54295691,90,90,90,-1.8099895,3.3293,TRUE
217,mp-20716,PbSeO3,23.53,10,158.841815,6.986607974,P2_1/m,11,4.543913329,5.53663,6.590420842,90,106.6598799,90,-1.456500213,2.8909,TRUE
218,mp-630329,PbSeO3,23.51,40,638.5708737,6.951557214,P2_1/c,14,8.07301543,8.848565589,9.189320976,76.60234519,90,90,-1.45340665,3.2341,FALSE
219,mp-545482,PdSeO3,23.11,10,154.6848995,5.010619907,P2_1/m,11,3.915402921,6.170011595,6.445083638,90.00388517,90.00382256,96.54886135,-1.033657362,1.0589,TRUE
220,mp-546684,PdSeO3,23.69,10,151.6845622,5.10973052,C2/m,12,4.943915295,4.943776336,7.046745115,109.4413762,109.4478237,90.67431604,-1.023970779,0.5709,FALSE
221,mp-3466,PrAlO3,22.74,10,107.0957811,6.694744447,R-3c,167,5.313161821,5.313161678,5.313160873,60.4327145,60.43271113,60.43272144,-3.659524843,4.1325,TRUE
222,mp-8218,PrAlO3,24.12,10,106.2247501,6.749640598,Pm-3m,221,5.315935953,5.31593982,5.315951879,59.99999238,59.99991844,60.00005234,-3.64150143,2.8792,FALSE
223,mp-861504,PrBO3,41.46,20,239.3495105,5.542315603,Pnma,62,5.07421834,5.77535461,8.16741715,90,90,90,-3.450173906,4.6526,TRUE
224,mp-4535,PrGaO3,20.16,20,242.1773823,7.093367763,Pnma,62,5.508641,5.609537,7.837221,90,90,90,-3.037688227,3.3909,FALSE
225,mp-21872,PrLuO3,19.62,20,283.3353364,8.530176157,Pnma,62,5.73312695,5.96712043,8.28217456,89.99996985,89.99996573,89.99996202,-3.917734397,4.8757,FALSE
226,mp-4789,PrRhO3,18.39,20,247.0717314,7.844914415,Pnma,62,5.40540234,5.82736449,7.84373387,90,90,90,-2.474946942,0.6013,TRUE
227,mp-559756,PrScO3,19.82,20,263.5627526,5.893649057,Pnma,62,5.6176864,5.82086436,8.06007464,90,90,90,-3.88221691,4.2605,TRUE
228,mp-28872,RbBrO3,24.06,5,88.91758518,3.984692341,R3m,160,4.4669857,4.466985267,4.466986082,87.66332651,87.66333298,87.66332228,-1.070504135,3.9953,TRUE
229,mp-23011,RbClO3,28.65,5,95.64282469,2.932751092,R3m,160,4.597086472,4.597086472,4.597086451,83.9676627,83.9676627,83.96766039,-1.145033425,5.3288,FALSE
230,mp-27193,RbIO3,23.13,5,92.30058405,4.684210199,R3m,160,4.519323495,4.519324409,4.519323165,89.71652165,89.71650902,89.71651552,-1.383422173,2.8369,TRUE
231,mp-756063,RbNbO3,26.3,20,351.06995,4.28290921,C2/m,12,6.526222077,6.526222077,8.332043643,86.59608804,86.59608804,82.93079755,-2.815495027,2.8197,FALSE
232,mp-13658,RbNO3,44.28,10,149.8692515,3.267970943,Pmmn,59,4.8902325,5.31012834,5.77135798,90,90,90,-1.404664299,3.1172,FALSE
233,mp-38220,RbNO3,43.16,10,182.0964439,2.689609685,R-3c,167,9.043921902,6.051993933,6.051993933,60,47.99633671,47.99633671,-1.399078697,3.0358,FALSE
234,mp-752446,RbNO3,43.18,5,101.426685,2.41439597,R32,155,4.708980741,4.708980741,4.708980346,81.70017533,81.70017533,81.70017263,-1.40117938,2.9815,FALSE
235,mp-4135,RbPO3,38.02,20,330.3261196,3.306534152,P2_1/c,14,4.23479786,6.481794279,13.12275816,66.49759589,90,90,-2.678160103,5.1119,TRUE
236,mp-9138,RbPO3,37.51,20,351.4652349,3.107660409,Pnma,62,4.51776972,6.09760948,12.75847234,90,90,90,-2.674821785,4.7607,FALSE
237,mp-548658,RbPO3,37.19,10,197.6180066,2.763499679,Cmcm,63,7.348147027,7.348147027,4.862531,90,90,131.1772254,-2.63047766,4.281,FALSE
238,mp-4135,RbPO3,38.02,20,330.3261196,3.306534152,P2_1/c,14,4.23479786,6.481794279,13.12275816,66.49759589,90,90,-2.678160103,5.1119,FALSE
239,mp-3404,RbSO3,36.19,30,572.7515827,2.879475506,P321,150,10.12309926,10.12310853,6.453717471,89.99853468,90.00193683,120.0003818,-2.078371614,5.0206,FALSE
240,mp-3033,RbTaO3,27.26,20,333.9864739,6.25290629,C2/m,12,6.430271023,6.430269925,8.168089365,86.24770949,86.24770814,83.070555,-3.034925338,3.5412,TRUE
241,mp-28109,SbAsO3,23,20,328.7660241,4.943337655,P2_1/c,14,13.18079052,4.582365786,6.80426344,53.12739553,90,90,-1.700518128,3.5099,TRUE
242,mp-626218,SbHO3,106.99,20,279.5668212,4.05718884,Fdd2,43,7.505387749,7.262888166,7.269138417,62.190848,58.86401325,58.94819287,-1.593076226,1.4139,TRUE
243,mp-626182,SbHO3,110.58,20,291.3018061,3.893746497,I4_1/amd,141,7.360286075,7.360286075,7.360286075,117.6066431,117.6066431,94.19794549,-1.580922421,1.0685,FALSE
244,mp-4471,ScAlO3,23.42,20,191.0700794,4.169314923,Pnma,62,4.97364,5.264203,7.297695,90,90,90,-3.670384983,4.5919,FALSE
245,mp-754009,ScBiO3,19.47,10,141.5365354,7.084729769,R3c,161,5.918435861,5.918435861,5.918435647,58.49293785,58.49293785,58.49293269,-2.794469963,2.8385,FALSE
246,mp-555769,ScBiO3,20.06,20,282.2009955,7.106623446,C2/c,15,5.795522631,5.795522631,10.14259118,73.79084707,73.79084707,61.12308309,-2.781419915,2.8008,FALSE
247,mp-756205,ScBiO3,18.83,20,268.2267729,7.476868134,Pnma,62,5.600617,5.909651,8.104093,90,90,90,-2.783745179,2.4137,FALSE
248,mp-555313,ScBiO3,19.99,20,282.4190213,7.101137173,Cc,9,5.795712832,5.795712832,10.14954145,73.78835563,73.78835563,61.12742951,-2.782168586,2.3961,FALSE
249,mp-8697,ScBO3,40.72,10,100.6738489,3.423054231,R-3c,167,5.799975271,5.799975081,5.799976905,48.58945306,48.58945178,48.58945248,-3.437704533,4.118,TRUE
250,mp-754165,ScGaO3,20.61,10,110.7344127,4.878911498,P6_3/mmc,194,3.296685446,3.296686019,11.76513134,90.00001006,89.99999448,119.9999776,-3.102016684,2.3914,FALSE
251,mp-769079,ScGaO3,20.99,30,328.4350819,4.934887554,P6_3cm,185,5.734680531,5.734676261,11.53189412,90.00004384,89.99993244,119.9999709,-3.11509747,3.1715,FALSE
252,mp-776110,SiSnO3,33.92,60,911.6581951,4.257681888,P2/c,13,7.049169,11.394763,13.09830116,60.05563922,90,90,-2.587046378,2.3936,FALSE
253,mp-7405,SmAlO3,22.28,20,208.4178005,7.181448769,Pnma,62,5.28319658,5.2813461,7.46953229,90,90,90,-3.698558147,4.8614,TRUE
254,mp-752437,SmInO3,18.83,20,275.7659939,7.54322616,Pnma,62,5.622973,5.952571,8.238917,90,90,90,-2.89987822,2.6397,FALSE
255,mp-3317,SmRhO3,18.83,20,237.7355018,8.41708772,Pnma,62,5.29624651,5.8243809,7.70683536,90,90,90,-2.529653678,0.7331,TRUE
256,mp-31118,SmScO3,19.95,20,254.9579411,6.338811596,Pnma,62,5.52626673,5.78431658,7.97599084,90,90,90,-3.922027836,4.3669,TRUE
257,mp-769144,SnGeO3,28.81,60,970.796607,4.912835918,P2/c,13,7.15438283,11.74797256,13.32631948,60.08063355,90,90,-1.906909301,2.0369,TRUE
258,mp-3822,SrCO3,46.22,20,258.4475691,3.794093427,Pnma,62,5.11695695,5.98602397,8.43766419,90,90,90,-2.700776012,4.4416,TRUE
259,mp-38035,SrCO3,45.04,10,148.7814343,3.295351426,R-3c,167,6.916295304,6.916295304,6.916295009,44.68017163,44.68017163,44.68016882,-2.677551404,4.6569,FALSE
260,mp-33746,SrCO3,46.37,10,140.8457942,3.481020604,C2/m,12,4.371562498,4.371562498,8.370437804,71.76304182,71.76304182,72.89891294,-2.664618366,4.2823,FALSE
261,mp-17464,SrGeO3,25.84,30,480.6018638,4.317347515,C2/c,15,7.260790343,7.260790343,11.2875638,71.65165741,71.65165741,60.11372609,-2.744465639,3.4179,TRUE
262,mp-3378,SrHfO3,24.32,20,270.9121554,7.701226052,Pnma,62,5.76053461,5.77701466,8.14070902,90,90,90,-3.813715228,4.1704,TRUE
263,mp-550908,SrHfO3,25.11,10,136.0021232,7.670305801,P4/mbm,127,5.73453937,5.73453937,4.13569603,90,90,90,-3.800845707,3.6764,FALSE
264,mp-4551,SrHfO3,26.81,5,71.01997314,7.344257033,Pm-3m,221,4.141206,4.141206,4.141206,90,90,90,-3.780757669,3.7226,FALSE
265,mp-13108,SrHfO3,26.7,5,71.00848374,7.345445358,P4mm,99,4.138109,4.138109,4.146736,90,90,90,-3.780818811,3.7305,FALSE
266,mp-13109,SrHfO3,24.58,10,135.6323461,7.691217507,Imma,74,5.768559275,5.760483452,5.760484166,60.3699696,59.95360115,59.9536118,-3.811034876,4.0156,FALSE
267,mp-3721,SrHfO3,24.81,10,135.6004975,7.693023947,I4/mcm,140,5.786711248,5.786712432,5.786713303,120.6703923,120.6703877,88.8427716,-3.807653136,4.0578,FALSE
268,mp-4673,SrHfO3,24.65,20,271.3698479,7.68823716,Cmcm,63,5.767219101,5.767219101,8.15933204,90,90,90.62594694,-3.809265677,4.0897,FALSE
269,mp-20489,SrPbO3,17.69,20,296.9037705,7.669326838,Pnma,62,5.88572476,6.02726206,8.3694263,90,90,90,-2.156900899,0.7941,TRUE
270,mp-3395,SrSeO3,24.08,10,153.2118213,4.651279267,P2_1/m,11,4.464503016,5.48280168,6.553714734,90,107.2429275,90,-2.317007767,3.7027,TRUE
271,mp-555098,SrSeO3,23.98,20,306.4912888,4.650252676,Pnma,62,4.47018024,5.47644898,12.51970382,90,90,90,-2.316400245,3.8862,FALSE
272,mp-3978,SrSiO3,33.59,30,447.8557103,3.641838873,C2/c,15,7.136260513,7.136260513,10.9044951,71.42083431,71.42083431,60.1595747,-3.442576777,4.6258,TRUE
273,mp-561547,SrSiO3,31.8,40,565.4296904,3.846085819,P2_1/c,14,6.156284,7.549925,13.62593721,63.22638311,90,90,-3.406549331,4.6026,FALSE
274,mp-2879,SrSnO3,21.57,20,266.2174999,6.345516909,Pnma,62,5.73820206,5.72649997,8.10161313,90,90,90,-2.638708941,1.7365,TRUE
275,mp-12866,SrSnO3,21.89,10,133.3277058,6.33509606,Imma,74,5.72636674,5.726367057,5.726367038,90.4842804,119.4524215,119.9899029,-2.632800896,1.6118,FALSE
276,mp-12867,SrSnO3,22.21,10,132.9109082,6.354962396,I4/mcm,140,5.755857676,5.755857372,5.755854614,120.9187994,120.9188034,88.41596687,-2.627234577,1.5555,FALSE
277,mp-546973,SrSnO3,24.2,5,69.67305837,6.06148089,Pm-3m,221,4.114859,4.114859,4.114859,90,90,90,-2.590974168,0.9698,FALSE
278,mp-972117,SrTeO3,22.83,20,343.0493269,5.096457796,P2_1/c,14,7.23965219,6.791806534,8.679399906,53.49735093,90,90,-2.379030468,3.3613,TRUE
279,mp-972117,SrTeO3,22.83,20,343.0493269,5.096457796,P2_1/c,14,7.23965219,6.791806534,8.679399906,53.49735093,90,90,-2.379030468,3.3613,FALSE
280,mp-4651,SrTiO3,24.71,10,119.625078,5.093987782,I4/mcm,140,5.522329701,5.522329559,5.534898479,119.9249071,119.9249046,89.99999866,-3.553012595,1.8488,TRUE
281,mp-5229,SrTiO3,25.55,5,59.90045031,5.086511724,Pm-3m,221,3.91270131,3.91270131,3.91270131,90,90,90,-3.552120581,1.772,FALSE
282,mp-776018,SrTiO3,26.37,30,381.0210669,4.797913331,P6_3/mmc,194,5.628854383,5.628854383,13.886038,90,90,120.0000045,-3.513910124,1.7362,FALSE
283,mp-4387,SrZrO3,23.3,20,278.219966,5.41557589,Pnma,62,5.79524115,5.8442896,8.21457412,90,90,90,-3.663009132,3.735,TRUE
284,mp-5076,SrZrO3,23.96,10,139.291304,5.408526223,I4/mcm,140,5.844042019,5.844042429,5.844044603,120.8401656,120.8401603,88.55086966,-3.650416111,3.5667,FALSE
285,mp-3626,SrZrO3,23.69,20,279.0274784,5.399903081,Cmcm,63,5.814864578,5.814864578,8.25266177,90,90,90.63032988,-3.654813981,3.416,FALSE
286,mp-9890,TaAgO3,27.15,10,125.0421701,8.9456744,R-3c,167,5.650974756,5.650974756,5.650975557,59.12014481,59.12014481,59.12013817,-2.410358626,1.6615,FALSE
287,mp-756050,TaCuO3,29.04,20,281.3230122,6.905862719,C2/m,12,6.439122216,6.439122216,6.823248275,89.82698392,89.82698392,83.93754332,-2.505459022,1.3594,FALSE
288,mp-676262,TaTlO3,26.85,40,605.2161094,9.511450247,C2/c,15,7.54030697,7.54030697,13.0620291,72.93415426,72.93415426,60.01921597,-2.688446787,0.8726,TRUE
289,mp-756933,TaTlO3,26.25,20,303.7537717,9.475574379,Fd-3m,227,7.545341357,7.545341357,7.545341357,60,60,60,-2.686279515,0.4458,FALSE
290,mp-4434,TbAlO3,22.05,20,203.666151,7.628337563,Pnma,62,5.19165377,5.30555533,7.39404835,90,90,90,-3.741167054,5.5982,FALSE
291,mp-755605,TbCO3,36.58,20,209.9506628,6.926367754,P2_1/m,11,4.891937,5.319011,8.068755158,89.875144,90,90,-2.763120292,3.8624,FALSE
292,mp-756290,TbGaO3,19.75,20,228.3972154,8.045324073,Pnma,62,5.320997,5.60395,7.659555,90,90,90,-3.126988687,3.443,FALSE
293,mp-5692,TbRhO3,18.26,20,229.5533845,8.964942819,Pnma,62,5.22941294,5.77580762,7.6000779,90,90,90,-2.577233066,0.7746,TRUE
294,mp-31119,TbScO3,20.88,20,247.2443723,6.766676756,Pnma,62,5.4395561,5.73025335,7.93211736,90,90,90,-3.958515287,4.4378,FALSE
295,mp-625630,TeHO3,94.47,40,482.5596111,4.861764443,Pna2_1,33,4.83496,8.327892,11.984585,90,90,90,-1.359132596,2.1427,FALSE
296,mp-625654,TeHO3,104.39,40,491.2876042,4.775392537,Pna2_1,33,4.975523,8.42996,11.713092,90,90,90,-1.353104871,2.0042,FALSE
297,mp-625856,TeHO3,104.33,40,480.7789005,4.879771463,Pc,7,11.523334,4.989845,9.731615153,59.22709889,90,90,-1.342369638,2.0059,FALSE
298,mp-543039,TePbO3,21.86,60,1055.472121,7.22692361,C2/c,15,4.60105577,13.51009858,18.02331347,106.7912857,90,99.80422101,-1.551654146,2.9418,TRUE
299,mp-555021,TePbO3,21.86,20,342.5898238,7.421719171,P4_1,76,5.35030789,5.35030789,11.96787127,90,90,90,-1.548935926,2.6752,FALSE
300,mp-13641,TiCdO3,22.23,10,119.0441478,5.810462307,R-3,148,5.823052726,5.823053588,5.823052171,53.69843079,53.69841846,53.69841719,-2.679648433,2.9057,TRUE
301,mp-20940,TiCdO3,23.37,20,229.444717,6.02935245,Pmc2_1,26,5.400747,5.523009,7.692163,90,90,90,-2.640080265,2.5503,FALSE
302,mp-14550,TiCdO3,23.23,20,227.386538,6.083926864,Pnma,62,5.369678,5.486639,7.718095,90,90,90,-2.637105804,2.2387,FALSE
303,mp-5052,TiCdO3,23.33,20,220.5468578,6.272603839,Pna2_1,33,5.31246054,5.42898714,7.64691644,90,90,90,-2.640903859,2.4156,FALSE
304,mp-780260,TiGeO3,21.46,10,142.2873661,3.933019147,R-3,148,7.081934908,7.081934908,7.081934588,41.73268927,41.73268927,41.73269531,-2.683819231,1.1349,FALSE
305,mp-20459,TiPbO3,24.74,5,64.50656432,7.801556472,P4mm,99,3.8795519,3.8795519,4.28588762,90,90,90,-2.731353162,1.813,TRUE
306,mp-19845,TiPbO3,24.61,5,62.52581792,8.048700857,Pm-3m,221,3.969049,3.969049,3.969049,90,90,90,-2.690131416,1.585,FALSE
307,mp-754246,TiSnO3,21.42,10,156.7978331,4.544839624,R-3,148,7.595236879,7.595236881,7.595237497,39.10563751,39.10563897,39.10563893,-2.75537485,1.1086,TRUE
308,mp-14142,TiZnO3,22.72,10,106.9623013,5.007411138,R-3,148,5.550590565,5.550590565,5.550590796,55.03777136,55.03777136,55.03776657,-2.793320964,2.8939,FALSE
309,mp-29798,TlBrO3,23.45,5,87.97115887,6.272203994,R3m,160,4.45421976,4.454220478,4.454219804,86.79052411,86.79052889,86.79052197,-0.661591286,3.5098,FALSE
310,mp-29738,TlClO3,27.69,5,94.23296053,5.072115206,R3m,160,4.57492833,4.57492765,4.57492833,83.89769319,83.89769346,83.89769319,-0.722599674,4.3481,FALSE
311,mp-22981,TlIO3,22.6,5,91.31995052,6.89684091,R3m,160,4.504218648,4.504218742,4.50421841,88.77705877,88.77706451,88.7770726,-0.981547758,2.7633,TRUE
312,mp-5915,TlNO3,43.16,40,596.5466891,5.932115907,Pnma,62,6.18047927,7.91332221,12.19729243,90,90,90,-0.990392598,2.7867,TRUE
313,mp-27144,TlPO3,36.84,40,638.7158328,5.893356114,P-42_1c,114,7.58522238,7.58522238,11.10122861,90,90,90,-2.26069208,3.4595,TRUE
314,mp-557787,TlSbO3,19.3,20,362.4069017,6.857226772,P-31c,163,5.33070696,5.330706616,14.72638829,90,90,120.0000021,-1.715196618,2.4363,TRUE
315,mp-30058,TlSbO3,19.45,10,178.4718965,6.96217824,R-3,148,7.872914041,7.872914718,7.872913969,39.59483374,39.59483301,39.59483544,-1.714974941,2.4362,FALSE
316,mp-756281,TmAlO3,22.15,20,197.8539217,8.188437955,Pnma,62,5.09801477,5.3139368,7.30343534,90,90,90,-3.778040946,5.7744,FALSE
317,mp-754323,TmBiO3,18.38,10,155.4224688,9.100934574,R3c,161,6.105165299,6.105165299,6.105165228,58.50968606,58.50968606,58.50969275,-2.847885343,3.1128,FALSE
318,mp-760484,TmBO3,41,10,116.3556124,6.500362494,Ama2,40,3.883822942,3.883822942,8.470664,90,90,114.4048009,-3.491016264,4.254,FALSE
319,mp-754578,TmGaO3,20.07,20,221.8765888,8.581392196,Pnma,62,5.240913,5.57066,7.599725,90,90,90,-3.16102072,3.6067,FALSE
320,mp-768469,TmGaO3,21,30,356.1908917,8.018214694,P6_3cm,185,5.955728785,5.955732629,11.59530603,90.00002538,90.00003117,120.0000325,-3.205484851,2.922,FALSE
321,mp-768396,TmSeO3,23.6,40,616.7971596,6.372803748,P2_1/c,14,12.416586,5.917272,8.733917145,73.9852505,90,90,-2.544777554,1.6738,FALSE
322,mp-3792,YAlO3,22.09,20,202.911749,5.364665646,Pnma,62,5.17603105,5.31735851,7.37249317,90,90,90,-3.721525569,5.5402,FALSE
323,mp-756214,YAlO3,23.34,10,104.0684716,5.229987876,R-3c,167,5.246494706,5.246494706,5.246495449,60.84808332,60.84808332,60.84808278,-3.694553928,4.9586,FALSE
324,mp-755213,YbCO3,48.14,20,206.7421413,7.48733278,Pnma,62,5.525411245,4.847823675,7.718227801,90.00041099,90.00174931,90.00842324,-2.814996718,3.8983,TRUE
325,mp-865758,YbGeO3,27.91,5,49.99877573,9.753521302,Pm-3m,221,3.68400143,3.68400143,3.68400143,90,90,90,-2.765986294,1.0157,TRUE
326,mp-780387,YbHfO3,24.12,20,242.4939285,10.94348528,Pnma,62,5.6687962,7.84848545,5.45034719,90,90,90,-3.971886799,4.5175,TRUE
327,mp-768221,YBiO3,17.53,10,160.1128661,7.174372127,R3c,161,6.165866778,6.165866778,6.165866687,58.51184125,58.51184125,58.51183334,-2.783973835,3.0748,FALSE
328,mp-754152,YBiO3,17.41,10,159.8162094,7.187689457,R-3,148,6.15131421,6.15131421,6.151314269,58.73187914,58.73187914,58.7318815,-2.769321226,2.4761,FALSE
329,mp-29205,YBO3,35.74,30,327.0097546,4.500537513,Cmcm,63,6.54242982,6.54242982,8.82893208,90,90,120.0812712,-3.531547106,5.1696,TRUE
330,mp-754225,YbTiO3,24.76,20,215.0025577,8.307391216,Pnma,62,5.27085035,5.42027822,7.52560399,90,90,90,-3.734184524,2.3173,TRUE
331,mp-17853,YGaO3,20.84,30,382.2256825,5.386016237,P6_3cm,185,6.13362246,6.13362246,11.731544,90,90,120.000005,-3.135130498,2.9043,FALSE
332,mp-504607,YInO3,18.71,30,421.0249556,5.95681029,P6_3cm,185,6.290522379,6.290522344,12.28582555,90.00000511,89.99999218,120.0001276,-2.980185457,2.0517,FALSE
333,mp-769007,YScO3,20.93,30,402.5685491,4.500881734,P6_3cm,185,6.174025801,6.174025664,12.19474075,89.99999271,90.00000341,120.000053,-3.950653538,3.1406,FALSE
334,mp-755165,YScO3,21.08,20,251.9522303,4.794330595,Pnma,62,5.468448,5.76218,7.995899,90,90,90,-3.941893671,4.1177,FALSE
335,mp-768479,YScO3,20.58,10,138.9410535,4.346959576,P6_3/mmc,194,3.590589866,3.590589866,12.444239,90,90,119.9999975,-3.939713418,2.8464,FALSE
336,mp-769404,YSeO3,23.63,40,621.1035251,4.616952551,P2_1/c,14,12.23956373,5.938537082,8.895160062,73.87316778,90,90,-2.508511457,1.8121,TRUE
337,mp-766256,YTmO3,18.59,40,577.921746,7.030105821,C2,5,9.0889317,9.0889317,10.49381613,54.73571962,54.73571962,70.53574568,-4.029317783,3.9237,FALSE
338,mp-8285,ZnGeO3,21.14,10,103.4854703,5.970667052,R-3,148,5.524563003,5.524563003,5.52456282,54.33987945,54.33987945,54.33987931,-1.967155593,2.1201,FALSE
339,mp-5338,ZnSeO3,24.73,40,538.6539781,4.74416993,Pbca,61,6.21569912,7.21441768,12.01209078,90,90,90,-1.503193069,3.8162,TRUE
340,mp-562182,ZnSiO3,32.33,20,234.7613099,4.003285824,C2/c,15,6.886753997,6.886753997,5.372906616,73.7249308,73.7249308,86.56440031,-2.645363585,3.4379,FALSE
341,mp-13334,ZnSnO3,20.3,10,117.5700788,6.556764827,R3c,161,5.659121978,5.659121978,5.65912176,56.42809504,56.42809504,56.4280921,-1.940188569,1.081,FALSE
342,mp-16819,ZnTeO3,23.07,40,572.6336391,5.591035435,Pbca,61,6.32906732,7.33928353,12.32774028,90,90,90,-1.633436781,3.4996,FALSE
343,mp-647557,ZrPbO3,23.09,40,605.8365143,7.596076936,Pba2,32,6.042341,8.386099,11.956119,90,90,90,-2.846535501,3.2094,FALSE
344,mp-755798,ZrPbO3,22.85,20,291.636419,7.889928131,Pnma,62,5.889325,5.92742,8.354309,90,90,90,-2.84197747,2.6356,FALSE
345,mp-20337,ZrPbO3,23.46,5,76.35838009,7.53352279,Amm2,38,4.276790774,4.276790774,4.176356,90,90,91.63483789,-2.844021655,2.6727,FALSE
