number,material_id,formula,Wmax,density,Ef,Num_min,MenNum_min,MenNum_max,Tm_min,Rc_mean,NsV_min,NdV_max,NV_min,NV_max,NdU_max,NU_max,GSV_min,B_max
1,mp-775761,AgClO3,25.79,4.366022674,-0.416786181,8,65,94,54.8,89,1,10,6,11,0,2,9.105,3
2,mp-849271,AgIO3,21.92,5.657596324,-0.698567756,8,65,96,54.8,96.4,1,10,6,17,0,2,9.105,3
3,mp-8196,AgNO3,42.39,4.213744204,-0.652688478,7,65,87,54.8,82.8,1,10,5,11,0,3,9.105,3
4,mp-558637,AgTeO3,20.54,6.550947813,-1.128790629,8,65,90,54.8,96.2,1,10,6,16,0,2,9.105,3
5,mp-561489,AgTeO3,21.8,6.867123404,-1.12914082,8,65,90,54.8,96.2,1,10,6,16,0,2,9.105,3
6,mp-8110,AlBO3,41.02,3.497216426,-3.119121233,5,72,87,54.8,80.6,2,0,3,6,0,5,7.1725,2
7,mp-772898,AlGaO3,24.94,4.815930171,-2.820866615,8,73,87,54.8,88.2,2,10,3,13,0,5,9.105,2
8,mp-772187,AlGaO3,24.31,4.871107205,-2.819793979,8,73,87,54.8,88.2,2,10,3,13,0,5,9.105,2
9,mp-754157,AlInO3,22.78,5.613715616,-2.677910509,8,73,87,54.8,92.2,2,10,3,13,0,5,9.105,2
10,mp-3187,BaCeO3,21.91,6.272009405,-3.591372272,8,9,87,54.8,123.4,2,1,2,6,9,22,9.105,3
11,mp-5663,BaCeO3,21,6.033613518,-3.551038376,8,9,87,54.8,123.4,2,1,2,6,9,22,9.105,3
12,mp-5504,BaCO3,45.14,4.24472577,-2.684006068,6,9,87,54.8,97.8,2,0,2,6,0,4,5.64,2
13,mp-762225,BaCO3,45.07,3.973227229,-2.670769234,6,9,87,54.8,97.8,2,0,2,6,0,4,5.64,2
14,mp-4559,BaCO3,44.66,4.364283352,-2.662161333,6,9,87,54.8,97.8,2,0,2,6,0,4,5.64,2
15,mp-676020,BaCO3,45.47,3.914066981,-2.65024016,6,9,87,54.8,97.8,2,0,2,6,0,4,5.64,2
16,mp-13863,BaGeO3,23.89,4.956252732,-2.696764588,8,9,87,54.8,106.6,2,10,2,14,0,4,9.105,2
17,mp-998552,BaHfO3,16.44,8.332451499,-3.787478027,8,9,87,54.8,117.6,2,2,2,18,8,8,9.105,3
18,mp-6989,BaSeO3,23.75,4.965564886,-2.318842496,8,9,89,54.8,106.6,2,10,2,16,0,2,9.105,2
19,mp-776084,BaSiO3,32.75,4.100241203,-3.404776582,8,9,87,54.8,104.8,2,0,2,6,0,4,9.105,2
20,mp-7339,BaSiO3,31.19,4.225502484,-3.382744732,8,9,87,54.8,104.8,2,0,2,6,0,4,9.105,2
21,mp-776076,BaSiO3,31.26,4.40677707,-3.365856718,8,9,87,54.8,104.8,2,0,2,6,0,4,9.105,2
22,mp-3163,BaSnO3,19.06,7.097114448,-2.588231648,8,9,87,54.8,110.4,2,10,2,14,0,4,9.105,2
23,mp-5431,BaTeO3,22.24,5.491008348,-2.357820811,8,9,90,54.8,110.2,2,10,2,16,0,2,9.105,2
24,mp-556021,BaTeO3,23.08,5.503485899,-2.348481261,8,9,90,54.8,110.2,2,10,2,16,0,2,9.105,2
25,mp-5020,BaTiO3,23.17,5.899610404,-3.493000364,8,9,87,54.8,114.6,2,2,2,6,8,8,9.105,3
26,mp-558125,BaTiO3,23.76,5.766285732,-3.489695166,8,9,87,54.8,114.6,2,2,2,6,8,8,9.105,3
27,mp-5933,BaTiO3,23.52,5.804935525,-3.484597418,8,9,87,54.8,114.6,2,2,2,6,8,8,9.105,3
28,mp-2998,BaTiO3,22.84,6.015663614,-3.478261774,8,9,87,54.8,114.6,2,2,2,6,8,8,9.105,3
29,mp-5986,BaTiO3,24.17,5.927475121,-3.489792988,8,9,87,54.8,114.6,2,2,2,6,8,8,9.105,3
30,mp-5777,BaTiO3,23.15,5.905237275,-3.492527184,8,9,87,54.8,114.6,2,2,2,6,8,8,9.105,3
31,mp-3834,BaZrO3,24.5,6.143794292,-3.639932345,8,9,87,54.8,117.6,2,2,2,6,8,8,9.105,3
32,mp-31250,BiBO3,39.19,6.858520762,-2.301139162,5,72,87,54.8,86,2,10,3,29,0,5,7.1725,2
33,mp-755893,CaBiO3,17.5,6.826443674,-2.274895144,8,7,87,54.8,104.4,2,10,2,29,0,3,9.105,2
34,mp-3953,CaCO3,45.47,2.703519701,-2.688771265,6,7,87,54.8,90,2,0,2,6,0,4,5.64,2
35,mp-553939,CaCO3,46.1,2.672062035,-2.675202958,6,7,87,54.8,90,2,0,2,6,0,4,5.64,2
36,mp-4626,CaCO3,47.18,2.83803772,-2.664417215,6,7,87,54.8,90,2,0,2,6,0,4,5.64,2
37,mp-561412,CaCO3,45.61,2.601889128,-2.681573845,6,7,87,54.8,90,2,0,2,6,0,4,5.64,2
38,mp-554549,CaGeO3,23.7,4.404564021,-2.73633884,8,7,87,54.8,98.8,2,10,2,14,0,4,9.105,2
39,mp-776074,CaGeO3,26.39,3.651340809,-2.720673893,8,7,87,54.8,98.8,2,10,2,14,0,4,9.105,2
40,mp-754853,CaHfO3,23.74,7.017975204,-3.821701439,8,7,87,54.8,109.8,2,2,2,18,8,8,9.105,3
41,mp-20079,CaPbO3,18.16,7.12482119,-2.17397737,8,7,87,54.8,104,2,10,2,28,0,4,9.105,2
42,mp-4784,CaPtO3,19.94,8.18146661,-1.99226507,8,7,87,54.8,102,1,9,2,24,1,2,9.105,3
43,mp-557997,CaSeO3,24.69,3.90344177,-2.307690412,8,7,89,54.8,98.8,2,10,2,16,0,2,9.105,2
44,mp-754140,CaSeO3,23.58,3.839388938,-2.295762728,8,7,89,54.8,98.8,2,10,2,16,0,2,9.105,2
45,mp-5733,CaSiO3,33.15,2.903043911,-3.448797315,8,7,87,54.8,97,2,0,2,6,0,4,9.105,2
46,mp-561086,CaSiO3,34.65,2.825153217,-3.42858088,8,7,87,54.8,97,2,0,2,6,0,4,9.105,2
47,mp-17552,CaSiO3,34.25,2.822143676,-3.428483631,8,7,87,54.8,97,2,0,2,6,0,4,9.105,2
48,mp-4190,CaSnO3,19.28,5.10468424,-2.680447652,8,7,87,54.8,102.6,2,10,2,14,0,4,9.105,2
49,mp-4438,CaSnO3,21.13,5.520396787,-2.666428546,8,7,87,54.8,102.6,2,10,2,14,0,4,9.105,2
50,mp-560097,CaTeO3,23.66,4.019465918,-2.398605611,8,7,90,54.8,102.4,2,10,2,16,0,2,9.105,2
51,mp-17008,CaTeO3,23.6,4.191933759,-2.398910582,8,7,90,54.8,102.4,2,10,2,16,0,2,9.105,2
52,mp-4019,CaTiO3,23.95,4.029259414,-3.556850533,8,7,87,54.8,106.8,2,2,2,6,8,8,9.105,3
53,mp-556003,CaTiO3,25.12,4.012112102,-3.545778422,8,7,87,54.8,106.8,2,2,2,6,8,8,9.105,3
54,mp-754701,CaTiO3,22.88,3.61317041,-3.528497845,8,7,87,54.8,106.8,2,2,2,6,8,8,9.105,3
55,mp-3442,CaTiO3,25.05,4.016239102,-3.538366826,8,7,87,54.8,106.8,2,2,2,6,8,8,9.105,3
56,mp-776024,CaZrO3,23.91,4.38825125,-3.645573069,8,7,87,54.8,109.8,2,2,2,6,8,8,9.105,3
57,mp-755478,CdBiO3,16.77,8.444817808,-1.453193147,8,70,87,54.8,98,2,10,6,29,0,3,9.105,3
58,mp-4385,CdCO3,44.64,4.956502911,-1.76361442,6,70,87,54.8,83.6,2,10,4,12,0,4,5.64,3
59,mp-2951,CdGeO3,25.02,5.910380819,-1.865228799,8,70,87,54.8,92.4,2,10,6,14,0,4,9.105,3
60,mp-7588,CdGeO3,23.96,6.213606936,-1.849625289,8,70,87,54.8,92.4,2,10,6,14,0,4,9.105,3
61,mp-8275,CdGeO3,20.49,6.512947354,-1.844354094,8,70,87,54.8,92.4,2,10,6,14,0,4,9.105,3
62,mp-559203,CdSeO3,24.2,5.02755403,-1.417142669,8,70,89,54.8,92.4,2,10,6,16,0,2,9.105,3
63,mp-9186,CdSeO3,23.02,5.813522774,-1.407166377,8,70,89,54.8,92.4,2,10,6,16,0,2,9.105,3
64,mp-560560,CdSiO3,33.25,4.897479562,-2.543795978,8,70,87,54.8,90.6,2,10,4,12,0,4,9.105,3
65,mp-776023,CdSiO3,31.92,4.724748712,-2.516997045,8,70,87,54.8,90.6,2,10,4,12,0,4,9.105,3
66,mp-754329,CdSnO3,18.79,7.073964607,-1.845935294,8,70,87,54.8,96.2,2,10,6,14,0,4,9.105,3
67,mp-849371,CdSnO3,20.78,7.63548494,-1.815552042,8,70,87,54.8,96.2,2,10,6,14,0,4,9.105,3
68,mp-28290,CdTeO3,21.49,6.32473192,-1.52981919,8,70,90,54.8,96,2,10,6,16,0,2,9.105,3
69,mp-28873,CsBrO3,23.95,4.340530526,-1.079035389,8,5,95,54.8,112.4,1,10,1,17,0,2,9.105,2
70,mp-760386,CsClO3,28.48,3.293642815,-1.154329729,8,5,94,54.8,108.8,1,0,1,7,0,2,9.105,2
71,mp-754202,CsClO3,28.76,3.394847048,-1.150870517,8,5,94,54.8,108.8,1,0,1,7,0,2,9.105,2
72,mp-28295,CsIO3,23.32,5.013695697,-1.386134046,8,5,96,54.8,116.2,1,10,1,17,0,2,9.105,2
73,mp-27556,CsNbO3,25.86,4.726470912,-2.83532722,8,5,87,54.8,121.2,1,4,1,6,6,7,9.105,3
74,mp-561681,CsSO3,36.18,3.511228284,-2.07551566,8,5,88,54.8,109.4,1,0,1,6,0,2,9.105,2
75,mp-756630,DyAlO3,22.04,7.795573824,-3.749037119,8,31,87,54.8,102.2,2,0,3,12,0,5,9.105,3
76,mp-754936,DyAlO3,23.48,7.60764874,-3.721066197,8,31,87,54.8,102.2,2,0,3,12,0,5,9.105,3
77,mp-755612,DyGaO3,19.77,8.202734055,-3.134701977,8,31,87,54.8,102.4,2,10,6,13,0,5,9.105,3
78,mp-769015,DyGaO3,20.97,7.341507103,-3.158010685,8,31,87,54.8,102.4,2,10,6,13,0,5,9.105,3
79,mp-768149,DyInO3,18.77,7.713574372,-2.999813897,8,31,87,54.8,106.4,2,10,6,13,0,5,9.105,3
80,mp-31120,DyScO3,21,6.776053477,-3.964136815,8,11,87,54.8,112,2,1,3,12,9,9,9.105,3
81,mp-769393,DySeO3,23.68,6.21656419,-2.52822402,8,31,89,54.8,102,2,10,6,16,0,4,9.105,3
82,mp-756458,ErAlO3,22.09,8.069583178,-3.764123697,8,35,87,54.8,101.6,2,0,3,14,0,5,9.105,3
83,mp-754943,ErBiO3,18.15,8.92571619,-2.829217516,8,35,87,54.8,107,2,10,6,29,0,3,9.105,3
84,mp-760405,ErBO3,40.91,6.405482703,-3.474839368,5,35,87,54.8,94.2,2,0,3,14,0,5,7.1725,3
85,mp-772217,ErInO3,18.84,7.986693006,-3.012471628,8,35,87,54.8,105.8,2,10,6,14,0,5,9.105,3
86,mp-558285,GaBiO3,21.03,7.80334192,-1.974169233,8,74,87,54.8,93.6,2,10,6,29,0,5,9.105,2
87,mp-554699,GePbO3,24.69,6.3557553,-1.929991529,8,79,87,54.8,92.8,2,10,6,28,0,4,9.105,2
88,mp-755790,HfPbO3,23.84,10.46516828,-2.985806438,8,45,87,54.8,103.8,2,10,6,28,8,8,9.105,3
89,mp-22734,HfPbO3,24,10.33882329,-2.991258216,8,45,87,54.8,103.8,2,10,6,28,8,8,9.105,3
90,mp-22535,HfPbO3,26.24,10.03604963,-2.960002193,8,45,87,54.8,103.8,2,10,6,28,8,8,9.105,3
91,mp-669414,HfPbO3,24,9.909159442,-2.987768847,8,45,87,54.8,103.8,2,10,6,28,8,8,9.105,3
92,mp-30284,HgAsO3,21.76,6.80776484,-1.366342296,8,71,87,54.8,89.8,2,10,6,26,0,3,9.105,3
93,mp-557224,HgSeO3,24.28,6.807934743,-1.049740256,8,71,89,54.8,90,2,10,6,26,0,2,9.105,3
94,mp-10798,HgSeO3,23.04,6.8795658,-1.042742171,8,71,89,54.8,90,2,10,6,26,0,2,9.105,3
95,mp-9228,HgSeO3,24.42,7.133045456,-1.046712104,8,71,89,54.8,90,2,10,6,26,0,2,9.105,3
96,mp-23963,HIO3,81.89,4.335262986,-0.908551761,1,87,96,14.01,73.6,1,10,1,17,0,2,6.615,2
97,mp-556216,HIO3,85.84,4.283620432,-0.90678223,1,87,96,14.01,73.6,1,10,1,17,0,2,6.615,2
98,mp-4891,HoAlO3,22.05,7.92887786,-3.756368111,8,33,87,54.8,102.2,2,0,3,13,0,5,9.105,3
99,mp-754300,HoBiO3,17.56,8.916443593,-2.798689653,8,33,87,54.8,107.6,2,10,6,29,0,3,9.105,3
100,mp-770830,HoBiO3,18.02,9.240936566,-2.812509721,8,33,87,54.8,107.6,2,10,6,29,0,3,9.105,3
101,mp-752713,HoBO3,39.65,6.926331102,-3.560871418,5,33,87,54.8,94.8,2,0,3,13,0,5,7.1725,3
102,mp-754409,HoBO3,39.65,6.19441526,-3.534369095,5,33,87,54.8,94.8,2,0,3,13,0,5,7.1725,3
103,mp-755416,HoGaO3,19.85,8.321581015,-3.141490256,8,33,87,54.8,102.4,2,10,6,13,0,5,9.105,3
104,mp-769045,HoGaO3,20.97,7.728073082,-3.172185194,8,33,87,54.8,102.4,2,10,6,13,0,5,9.105,3
105,mp-768267,HoInO3,18.81,7.849682515,-3.00632477,8,33,87,54.8,106.4,2,10,6,13,0,5,9.105,3
106,mp-31121,HoScO3,21.11,6.889822698,-3.968887898,8,11,87,54.8,112,2,1,3,13,9,9,9.105,3
107,mp-561102,InBiO3,17.31,8.697008402,-1.790144248,8,75,87,54.8,97.6,2,10,6,29,0,5,9.105,2
108,mp-556892,InBiO3,17.1,8.484176544,-1.801124639,8,75,87,54.8,97.6,2,10,6,29,0,5,9.105,2
109,mp-7027,InBO3,39.53,5.473290411,-2.4608532,5,72,87,54.8,84.8,2,10,3,13,0,5,7.1725,2
110,mp-8098,InGaO3,19.53,6.666407292,-2.13178847,8,74,87,54.8,92.4,2,10,6,13,0,5,9.105,2
111,mp-29799,KBiO3,18.9,5.783549581,-1.587451643,8,3,87,54.8,109.8,1,10,1,29,0,3,9.105,2
112,mp-863367,KBiO3,18.87,5.75444372,-1.577671872,8,3,87,54.8,109.8,1,10,1,29,0,3,9.105,2
113,mp-22958,KBrO3,24.15,3.30290524,-1.066375822,8,3,95,54.8,104.2,1,10,1,17,0,2,9.105,2
114,mp-556084,KClO3,29.59,2.19874499,-1.153711966,8,3,94,54.8,100.6,1,0,1,7,0,2,9.105,2
115,mp-550506,KClO3,28.81,2.28265343,-1.142625458,8,3,94,54.8,100.6,1,0,1,7,0,2,9.105,2
116,mp-23022,KClO3,29.85,2.199650261,-1.153688469,8,3,94,54.8,100.6,1,0,1,7,0,2,9.105,2
117,mp-552729,KIO3,23.11,4.067605629,-1.376341806,8,3,96,54.8,108,1,10,1,17,0,2,9.105,2
118,mp-7375,KNbO3,26.67,4.499799379,-2.857085212,8,3,87,54.8,113,1,4,1,6,6,7,9.105,3
119,mp-935811,KNbO3,27.02,4.569594296,-2.84417146,8,3,87,54.8,113,1,4,1,6,6,7,9.105,3
120,mp-5246,KNbO3,26.47,4.501553298,-2.856950642,8,3,87,54.8,113,1,4,1,6,6,7,9.105,3
121,mp-4342,KNbO3,27.13,4.515683419,-2.854950746,8,3,87,54.8,113,1,4,1,6,6,7,9.105,3
122,mp-5158,KNO3,44.1,2.192798407,-1.427452692,7,3,87,54.8,94.4,1,0,1,6,0,3,9.105,2
123,mp-676851,KNO3,43.38,1.946267417,-1.416398151,7,3,87,54.8,94.4,1,0,1,6,0,3,9.105,2
124,mp-9475,KNO3,44.04,2.421097682,-1.413148487,7,3,87,54.8,94.4,1,0,1,6,0,3,9.105,2
125,mp-5039,KPO3,38.46,2.444847847,-2.691059788,8,3,87,54.8,101.6,1,0,1,6,0,3,9.105,2
126,mp-557880,KPO3,38.46,2.3392547,-2.68742907,8,3,87,54.8,101.6,1,0,1,6,0,3,9.105,2
127,mp-547792,KSbO3,20.11,4.514453166,-2.054084705,8,3,87,54.8,108,1,10,1,15,0,3,9.105,2
128,mp-14607,KSbO3,22.22,4.704402695,-2.035693654,8,3,87,54.8,108,1,10,1,15,0,3,9.105,2
129,mp-16293,KSbO3,22.94,4.621424829,-2.009361735,8,3,87,54.8,108,1,10,1,15,0,3,9.105,2
130,mp-3614,KTaO3,28.1,6.981426042,-3.078375372,8,3,87,54.8,114.2,1,3,1,19,7,7,9.105,3
131,mp-2920,LaAlO3,22.65,6.53504866,-3.722956742,8,13,87,54.8,105.2,2,1,3,6,9,9,9.105,3
132,mp-5304,LaAlO3,23.48,6.560522947,-3.716168238,8,13,87,54.8,105.2,2,1,3,6,9,9,9.105,3
133,mp-768518,LaAlO3,26.78,4.814707508,-3.722796512,8,13,87,54.8,105.2,2,1,3,6,9,9,9.105,3
134,mp-780422,LaAlO3,26.98,4.52050903,-3.687419683,8,13,87,54.8,105.2,2,1,3,6,9,9,9.105,3
135,mp-28853,LaAuO3,20.28,8.441168934,-2.315636492,8,13,87,54.8,108.2,1,10,3,25,9,9,9.105,3
136,mp-768310,LaBiO3,15.77,7.537041755,-2.744503804,8,13,87,54.8,110.6,2,10,3,29,9,9,9.105,3
137,mp-755003,LaBiO3,17.01,7.438530497,-2.739047775,8,13,87,54.8,110.6,2,10,3,29,9,9,9.105,3
138,mp-8216,LaBO3,40.72,5.315766468,-3.521908926,5,13,87,54.8,97.8,2,1,3,6,9,9,7.1725,3
139,mp-7492,LaBO3,40.76,5.132122266,-3.514737273,5,13,87,54.8,97.8,2,1,3,6,9,9,7.1725,3
140,mp-756272,LaDyO3,18.97,7.431678447,-3.902797318,8,13,87,54.8,119.4,2,1,3,12,9,9,9.105,3
141,mp-556983,LaGaO3,20.86,7.004010502,-3.09365805,8,13,87,54.8,105.4,2,10,3,13,9,9,9.105,3
142,mp-3336,LaGaO3,20.93,7.007147124,-3.093171771,8,13,87,54.8,105.4,2,10,3,13,9,9,9.105,3
143,mp-5837,LaGaO3,20.38,6.963712067,-3.098693406,8,13,87,54.8,105.4,2,10,3,13,9,9,9.105,3
144,mp-756166,LaHoO3,19.03,7.623295924,-3.921031217,8,13,87,54.8,119.4,2,1,3,13,9,9,9.105,3
145,mp-11623,LaInO3,18.19,7.109347134,-2.93055308,8,13,87,54.8,109.4,2,10,3,13,9,9,9.105,3
146,mp-5163,LaRhO3,18,7.680766937,-2.545773302,8,13,87,54.8,109.4,1,8,3,9,9,9,9.105,3
147,mp-13374,LaTmO3,19.23,7.874661618,-3.963713673,8,13,87,54.8,119,2,1,3,15,9,9,9.105,3
148,mp-10429,LaYO3,18.88,5.872769225,-3.884269935,8,12,87,54.8,119,2,1,3,6,9,9,9.105,3
149,mp-9657,LiAsO3,22.52,4.569008445,-1.987598828,3,1,87,54.8,89,1,10,1,15,0,3,9.105,2
150,mp-559767,LiAsO3,28.54,3.763988899,-1.951823911,3,1,87,54.8,89,1,10,1,15,0,3,9.105,2
151,mp-23384,LiIO3,24.52,4.259170276,-1.396804498,3,1,96,54.8,93,1,10,1,17,0,2,9.105,2
152,mp-22955,LiIO3,23.71,4.608385641,-1.387786138,3,1,96,54.8,93,1,10,1,17,0,2,9.105,2
153,mp-22994,LiIO3,24.95,4.304425532,-1.391997112,3,1,96,54.8,93,1,10,1,17,0,2,9.105,2
154,mp-3731,LiNbO3,26.46,4.577485852,-2.900281028,3,1,87,54.8,98,1,4,1,6,6,7,9.105,3
155,mp-552588,LiNbO3,26.35,4.405933344,-2.867272996,3,1,87,54.8,98,1,4,1,6,6,7,9.105,3
156,mp-755559,LiNbO3,23.69,3.927620523,-2.845114858,3,1,87,54.8,98,1,4,1,6,6,7,9.105,3
157,mp-760701,LiNbO3,24.2,3.881718348,-2.864373828,3,1,87,54.8,98,1,4,1,6,6,7,9.105,3
158,mp-776108,LiNbO3,26.69,4.390481189,-2.870444433,3,1,87,54.8,98,1,4,1,6,6,7,9.105,3
159,mp-8180,LiNO3,44.34,2.467377583,-1.387882439,3,1,87,54.8,79.4,1,0,1,6,0,3,9.105,2
160,mp-29195,LiPO3,39.06,2.435061438,-2.703924873,3,1,87,54.8,86.6,1,0,1,6,0,3,9.105,2
161,mp-557189,LiPO3,39.06,2.353890412,-2.701413841,3,1,87,54.8,86.6,1,0,1,6,0,3,9.105,2
162,mp-4995,LiSbO3,23.06,5.446231896,-2.118957473,3,1,87,54.8,93,1,10,1,15,0,3,9.105,2
163,mp-770932,LiSbO3,20.62,5.085233538,-2.118928392,3,1,87,54.8,93,1,10,1,15,0,3,9.105,2
164,mp-756951,LiSbO3,20.98,4.749147204,-2.077824034,3,1,87,54.8,93,1,10,1,15,0,3,9.105,2
165,mp-3666,LiTaO3,27.2,7.452082825,-3.127952129,3,1,87,54.8,99.2,1,3,1,19,7,7,9.105,3
166,mp-755574,LuAlO3,22.3,8.216249279,-3.784896907,8,41,87,54.8,101.2,2,1,3,17,9,9,9.105,3
167,mp-7560,LuBO3,40.75,7.059129508,-3.570062279,5,41,87,54.8,93.8,2,1,3,17,9,9,7.1725,3
168,mp-760461,LuBO3,42.53,6.596938601,-3.54130087,5,41,87,54.8,93.8,2,1,3,17,9,9,7.1725,3
169,mp-768505,LuGaO3,21.04,8.350153593,-3.220843054,8,41,87,54.8,101.4,2,10,6,17,9,9,9.105,3
170,mp-755342,LuGaO3,21.01,8.019411365,-3.199636685,8,41,87,54.8,101.4,2,10,6,17,9,9,9.105,3
171,mp-772180,LuScO3,21.19,6.817693971,-4.00712498,8,11,87,54.8,111,2,1,3,17,9,9,9.105,3
172,mp-768293,LuSeO3,23.54,6.614209923,-2.544588637,8,41,89,54.8,101,2,10,6,17,9,9,9.105,3
173,mp-5348,MgCO3,46.44,3.023645158,-2.449295475,6,68,87,54.8,83,2,0,2,6,0,4,5.64,2
174,mp-4819,MgGeO3,26.18,4.4262627,-2.560811452,8,68,87,54.8,91.8,2,10,2,14,0,4,9.105,2
175,mp-3759,MgGeO3,21.84,4.764605969,-2.540737309,8,68,87,54.8,91.8,2,10,2,14,0,4,9.105,2
176,mp-4575,MgGeO3,26.63,4.297680803,-2.559689679,8,68,87,54.8,91.8,2,10,2,14,0,4,9.105,2
177,mp-12271,MgSeO3,23.42,4.425838297,-2.031537306,8,68,89,54.8,91.8,2,10,2,16,0,2,9.105,2
178,mp-557803,MgSiO3,33.64,3.177037385,-3.225199667,8,68,87,54.8,90,2,0,2,6,0,4,9.105,2
179,mp-5026,MgSiO3,33.85,3.109610136,-3.22950612,8,68,87,54.8,90,2,0,2,6,0,4,9.105,2
180,mp-5834,MgSiO3,33.85,3.080764037,-3.229972675,8,68,87,54.8,90,2,0,2,6,0,4,9.105,2
181,mp-4321,MgSiO3,33.49,3.309471564,-3.218569765,8,68,87,54.8,90,2,0,2,6,0,4,9.105,2
182,mp-3771,MgTiO3,23.81,3.892898937,-3.369738015,8,43,87,54.8,99.8,2,2,2,6,8,8,9.105,3
183,mp-23054,NaBiO3,17.26,6.48368124,-1.594772217,8,2,87,54.8,102.4,1,10,1,29,0,3,9.105,2
184,mp-23339,NaBrO3,24.05,3.423266817,-1.020447591,8,2,95,54.8,96.8,1,10,1,17,0,2,9.105,2
185,mp-23330,NaClO3,28.27,2.361654107,-1.083627405,8,2,94,54.8,93.2,1,0,1,7,0,2,9.105,2
186,mp-22989,NaIO3,23.72,4.508908999,-1.333315606,8,2,96,54.8,100.6,1,10,1,17,0,2,9.105,2
187,mp-3136,NaNbO3,28.72,4.222756529,-2.805086215,8,2,87,54.8,105.6,1,4,1,6,6,7,9.105,3
188,mp-3671,NaNbO3,27.04,4.517336614,-2.831843312,8,2,87,54.8,105.6,1,4,1,6,6,7,9.105,3
189,mp-4419,NaNbO3,28.08,4.360939292,-2.818566214,8,2,87,54.8,105.6,1,4,1,6,6,7,9.105,3
190,mp-4514,NaNbO3,27.21,4.472888253,-2.83542367,8,2,87,54.8,105.6,1,4,1,6,6,7,9.105,3
191,mp-4681,NaNbO3,27.06,4.507759327,-2.833432312,8,2,87,54.8,105.6,1,4,1,6,6,7,9.105,3
192,mp-4748,NaNbO3,26.96,4.399581445,-2.8227245,8,2,87,54.8,105.6,1,4,1,6,6,7,9.105,3
193,mp-558920,NaNbO3,27.02,4.512102215,-2.831820829,8,2,87,54.8,105.6,1,4,1,6,6,7,9.105,3
194,mp-559354,NaNbO3,27.98,4.178075921,-2.810257513,8,2,87,54.8,105.6,1,4,1,6,6,7,9.105,3
195,mp-4531,NaNO3,43.94,2.352161255,-1.368156007,7,2,87,54.8,87,1,0,1,6,0,3,9.105,2
196,mp-865120,NaPaO3,25.28,6.188465125,-3.451220429,8,2,87,54.8,112.8,1,1,1,6,9,21,9.105,3
197,mp-555118,NaPO3,38.71,2.576333377,-2.641745877,8,2,87,54.8,94.2,1,0,1,6,0,3,9.105,2
198,mp-558192,NaPO3,37.8,2.679874285,-2.636428602,8,2,87,54.8,94.2,1,0,1,6,0,3,9.105,2
199,mp-4482,NaSbO3,20.47,4.96876642,-2.061435001,8,2,87,54.8,100.6,1,10,1,15,0,3,9.105,2
200,mp-3858,NaTaO3,28.1,7.149405594,-3.069424752,8,2,87,54.8,106.8,1,3,1,19,7,7,9.105,3
201,mp-4675,NaTaO3,29.13,7.044696124,-3.064806311,8,2,87,54.8,106.8,1,3,1,19,7,7,9.105,3
202,mp-4699,NaTaO3,28.24,7.095054122,-3.068037458,8,2,87,54.8,106.8,1,3,1,19,7,7,9.105,3
203,mp-4170,NaTaO3,29.9,6.799149457,-3.054823913,8,2,87,54.8,106.8,1,3,1,19,7,7,9.105,3
204,mp-5537,NbAgO3,25.76,6.432648663,-2.183031408,8,47,87,54.8,101.4,1,10,5,11,6,7,9.105,3
205,mp-17272,NbCuO3,27.81,4.863962376,-2.300340515,8,47,87,54.8,98.8,1,10,5,11,6,7,9.105,3
206,mp-5899,NdAlO3,23.03,6.884713762,-3.673233558,8,19,87,54.8,104,2,0,3,6,0,10,9.105,3
207,mp-14254,NdAlO3,24.58,6.984787973,-3.645742641,8,19,87,54.8,104,2,0,3,6,0,10,9.105,3
208,mp-13514,NdBO3,41.43,5.5930214,-3.466312132,5,19,87,54.8,96.6,2,0,3,6,0,10,7.1725,3
209,mp-7238,NdBO3,41.43,5.757600291,-3.45834292,5,19,87,54.8,96.6,2,0,3,6,0,10,7.1725,3
210,mp-3196,NdGaO3,19.98,7.258699431,-3.054482836,8,19,87,54.8,104.2,2,10,6,13,0,10,9.105,3
211,mp-755138,NdInO3,18.55,7.445036965,-2.875345699,8,19,87,54.8,108.2,2,10,6,13,0,10,9.105,3
212,mp-4582,NdRhO3,18.58,8.044591809,-2.4959258,8,19,87,54.8,108.2,1,8,6,9,2,10,9.105,3
213,mp-31117,NdScO3,19.79,6.051672321,-3.897227354,8,11,87,54.8,113.8,2,1,3,6,9,10,9.105,3
214,mp-977455,PaAgO3,25.76,7.996811026,-2.839161467,8,18,87,54.8,108.6,1,10,5,11,9,21,9.105,3
215,mp-862832,PaTlO3,23.99,9.576684617,-3.175736498,8,18,87,54.8,108.6,2,10,5,27,9,21,9.105,3
216,mp-19893,PbCO3,44.56,6.604025394,-1.8099895,6,77,87,54.8,84,2,10,4,28,0,4,5.64,2
217,mp-20716,PbSeO3,23.53,6.986607974,-1.456500213,8,81,89,54.8,92.8,2,10,6,28,0,4,9.105,2
218,mp-630329,PbSeO3,23.51,6.951557214,-1.45340665,8,81,89,54.8,92.8,2,10,6,28,0,4,9.105,2
219,mp-545482,PdSeO3,23.11,5.010619907,-1.033657362,8,62,89,54.8,91.4,0,10,6,16,0,2,9.105,3
220,mp-546684,PdSeO3,23.69,5.10973052,-1.023970779,8,62,89,54.8,91.4,0,10,6,16,0,2,9.105,3
221,mp-3466,PrAlO3,22.74,6.694744447,-3.659524843,8,17,87,54.8,104.4,2,0,3,6,0,11,9.105,3
222,mp-8218,PrAlO3,24.12,6.749640598,-3.64150143,8,17,87,54.8,104.4,2,0,3,6,0,11,9.105,3
223,mp-861504,PrBO3,41.46,5.542315603,-3.450173906,5,17,87,54.8,97,2,0,3,6,0,11,7.1725,3
224,mp-4535,PrGaO3,20.16,7.093367763,-3.037688227,8,17,87,54.8,104.6,2,10,5,13,0,11,9.105,3
225,mp-21872,PrLuO3,19.62,8.530176157,-3.917734397,8,17,87,54.8,117.6,2,1,5,17,9,11,9.105,3
226,mp-4789,PrRhO3,18.39,7.844914415,-2.474946942,8,17,87,54.8,108.6,1,8,5,9,2,11,9.105,3
227,mp-559756,PrScO3,19.82,5.893649057,-3.88221691,8,11,87,54.8,114.2,2,1,3,6,9,11,9.105,3
228,mp-28872,RbBrO3,24.06,3.984692341,-1.070504135,8,4,95,54.8,107.6,1,10,1,17,0,2,9.105,2
229,mp-23011,RbClO3,28.65,2.932751092,-1.145033425,8,4,94,54.8,104,1,0,1,7,0,2,9.105,2
230,mp-27193,RbIO3,23.13,4.684210199,-1.383422173,8,4,96,54.8,111.4,1,10,1,17,0,2,9.105,2
231,mp-756063,RbNbO3,26.3,4.28290921,-2.815495027,8,4,87,54.8,116.4,1,4,1,6,6,7,9.105,3
232,mp-13658,RbNO3,44.28,3.267970943,-1.404664299,7,4,87,54.8,97.8,1,0,1,6,0,3,9.105,2
233,mp-38220,RbNO3,43.16,2.689609685,-1.399078697,7,4,87,54.8,97.8,1,0,1,6,0,3,9.105,2
234,mp-752446,RbNO3,43.18,2.41439597,-1.40117938,7,4,87,54.8,97.8,1,0,1,6,0,3,9.105,2
235,mp-4135,RbPO3,38.02,3.306534152,-2.678160103,8,4,87,54.8,105,1,0,1,6,0,3,9.105,2
236,mp-9138,RbPO3,37.51,3.107660409,-2.674821785,8,4,87,54.8,105,1,0,1,6,0,3,9.105,2
237,mp-548658,RbPO3,37.19,2.763499679,-2.63047766,8,4,87,54.8,105,1,0,1,6,0,3,9.105,2
238,mp-4135,RbPO3,38.02,3.306534152,-2.678160103,8,4,87,54.8,105,1,0,1,6,0,3,9.105,2
239,mp-3404,RbSO3,36.19,2.879475506,-2.078371614,8,4,88,54.8,104.6,1,0,1,6,0,2,9.105,2
240,mp-3033,RbTaO3,27.26,6.25290629,-3.034925338,8,4,87,54.8,117.6,1,3,1,19,7,7,9.105,3
241,mp-28109,SbAsO3,23,4.943337655,-1.700518128,8,84,87,54.8,91.2,2,10,6,15,0,3,9.105,2
242,mp-626218,SbHO3,106.99,4.05718884,-1.593076226,1,85,92,14.01,73.6,1,10,1,15,0,3,6.615,2
243,mp-626182,SbHO3,110.58,3.893746497,-1.580922421,1,85,92,14.01,73.6,1,10,1,15,0,3,6.615,2
244,mp-4471,ScAlO3,23.42,4.169314923,-3.670384983,8,11,87,54.8,97.8,2,1,3,6,9,9,9.105,3
245,mp-754009,ScBiO3,19.47,7.084729769,-2.794469963,8,11,87,54.8,103.2,2,10,3,29,9,9,9.105,3
246,mp-555769,ScBiO3,20.06,7.106623446,-2.781419915,8,11,87,54.8,103.2,2,10,3,29,9,9,9.105,3
247,mp-756205,ScBiO3,18.83,7.476868134,-2.783745179,8,11,87,54.8,103.2,2,10,3,29,9,9,9.105,3
248,mp-555313,ScBiO3,19.99,7.101137173,-2.782168586,8,11,87,54.8,103.2,2,10,3,29,9,9,9.105,3
249,mp-8697,ScBO3,40.72,3.423054231,-3.437704533,5,11,87,54.8,90.4,2,1,3,6,9,9,7.1725,3
250,mp-754165,ScGaO3,20.61,4.878911498,-3.102016684,8,11,87,54.8,98,2,10,3,13,9,9,9.105,3
251,mp-769079,ScGaO3,20.99,4.934887554,-3.11509747,8,11,87,54.8,98,2,10,3,13,9,9,9.105,3
252,mp-776110,SiSnO3,33.92,4.257681888,-2.587046378,8,78,87,54.8,89.6,2,10,4,14,0,4,9.105,2
253,mp-7405,SmAlO3,22.28,7.181448769,-3.698558147,8,23,87,54.8,103.4,2,0,3,8,0,8,9.105,3
254,mp-752437,SmInO3,18.83,7.54322616,-2.89987822,8,23,87,54.8,107.6,2,10,6,13,0,8,9.105,3
255,mp-3317,SmRhO3,18.83,8.41708772,-2.529653678,8,23,87,54.8,107.6,1,8,6,9,2,8,9.105,3
256,mp-31118,SmScO3,19.95,6.338811596,-3.922027836,8,11,87,54.8,113.2,2,1,3,8,9,9,9.105,3
257,mp-769144,SnGeO3,28.81,4.912835918,-1.906909301,8,79,87,54.8,91.4,2,10,6,14,0,4,9.105,2
258,mp-3822,SrCO3,46.22,3.794093427,-2.700776012,6,8,87,54.8,93.8,2,0,2,6,0,4,5.64,2
259,mp-38035,SrCO3,45.04,3.295351426,-2.677551404,6,8,87,54.8,93.8,2,0,2,6,0,4,5.64,2
260,mp-33746,SrCO3,46.37,3.481020604,-2.664618366,6,8,87,54.8,93.8,2,0,2,6,0,4,5.64,2
261,mp-17464,SrGeO3,25.84,4.317347515,-2.744465639,8,8,87,54.8,102.6,2,10,2,14,0,4,9.105,2
262,mp-3378,SrHfO3,24.32,7.701226052,-3.813715228,8,8,87,54.8,113.6,2,2,2,18,8,8,9.105,3
263,mp-550908,SrHfO3,25.11,7.670305801,-3.800845707,8,8,87,54.8,113.6,2,2,2,18,8,8,9.105,3
264,mp-4551,SrHfO3,26.81,7.344257033,-3.780757669,8,8,87,54.8,113.6,2,2,2,18,8,8,9.105,3
265,mp-13108,SrHfO3,26.7,7.345445358,-3.780818811,8,8,87,54.8,113.6,2,2,2,18,8,8,9.105,3
266,mp-13109,SrHfO3,24.58,7.691217507,-3.811034876,8,8,87,54.8,113.6,2,2,2,18,8,8,9.105,3
267,mp-3721,SrHfO3,24.81,7.693023947,-3.807653136,8,8,87,54.8,113.6,2,2,2,18,8,8,9.105,3
268,mp-4673,SrHfO3,24.65,7.68823716,-3.809265677,8,8,87,54.8,113.6,2,2,2,18,8,8,9.105,3
269,mp-20489,SrPbO3,17.69,7.669326838,-2.156900899,8,8,87,54.8,107.8,2,10,2,28,0,4,9.105,2
270,mp-3395,SrSeO3,24.08,4.651279267,-2.317007767,8,8,89,54.8,102.6,2,10,2,16,0,2,9.105,2
271,mp-555098,SrSeO3,23.98,4.650252676,-2.316400245,8,8,89,54.8,102.6,2,10,2,16,0,2,9.105,2
272,mp-3978,SrSiO3,33.59,3.641838873,-3.442576777,8,8,87,54.8,100.8,2,0,2,6,0,4,9.105,2
273,mp-561547,SrSiO3,31.8,3.846085819,-3.406549331,8,8,87,54.8,100.8,2,0,2,6,0,4,9.105,2
274,mp-2879,SrSnO3,21.57,6.345516909,-2.638708941,8,8,87,54.8,106.4,2,10,2,14,0,4,9.105,2
275,mp-12866,SrSnO3,21.89,6.33509606,-2.632800896,8,8,87,54.8,106.4,2,10,2,14,0,4,9.105,2
276,mp-12867,SrSnO3,22.21,6.354962396,-2.627234577,8,8,87,54.8,106.4,2,10,2,14,0,4,9.105,2
277,mp-546973,SrSnO3,24.2,6.06148089,-2.590974168,8,8,87,54.8,106.4,2,10,2,14,0,4,9.105,2
278,mp-972117,SrTeO3,22.83,5.096457796,-2.379030468,8,8,90,54.8,106.2,2,10,2,16,0,2,9.105,2
279,mp-972117,SrTeO3,22.83,5.096457796,-2.379030468,8,8,90,54.8,106.2,2,10,2,16,0,2,9.105,2
280,mp-4651,SrTiO3,24.71,5.093987782,-3.553012595,8,8,87,54.8,110.6,2,2,2,6,8,8,9.105,3
281,mp-5229,SrTiO3,25.55,5.086511724,-3.552120581,8,8,87,54.8,110.6,2,2,2,6,8,8,9.105,3
282,mp-776018,SrTiO3,26.37,4.797913331,-3.513910124,8,8,87,54.8,110.6,2,2,2,6,8,8,9.105,3
283,mp-4387,SrZrO3,23.3,5.41557589,-3.663009132,8,8,87,54.8,113.6,2,2,2,6,8,8,9.105,3
284,mp-5076,SrZrO3,23.96,5.408526223,-3.650416111,8,8,87,54.8,113.6,2,2,2,6,8,8,9.105,3
285,mp-3626,SrZrO3,23.69,5.399903081,-3.654813981,8,8,87,54.8,113.6,2,2,2,6,8,8,9.105,3
286,mp-9890,TaAgO3,27.15,8.9456744,-2.410358626,8,48,87,54.8,102.6,1,10,6,19,7,7,9.105,3
287,mp-756050,TaCuO3,29.04,6.905862719,-2.505459022,8,48,87,54.8,100,1,10,6,19,7,7,9.105,3
288,mp-676262,TaTlO3,26.85,9.511450247,-2.688446787,8,48,87,54.8,102.6,2,10,6,27,7,7,9.105,3
289,mp-756933,TaTlO3,26.25,9.475574379,-2.686279515,8,48,87,54.8,102.6,2,10,6,27,7,7,9.105,3
290,mp-4434,TbAlO3,22.05,7.628337563,-3.741167054,8,29,87,54.8,102.6,2,0,3,11,0,5,9.105,3
291,mp-755605,TbCO3,36.58,6.926367754,-2.763120292,6,29,87,54.8,93.6,2,0,4,11,0,5,5.64,3
292,mp-756290,TbGaO3,19.75,8.045324073,-3.126988687,8,29,87,54.8,102.8,2,10,6,13,0,5,9.105,3
293,mp-5692,TbRhO3,18.26,8.964942819,-2.577233066,8,29,87,54.8,106.8,1,8,6,11,2,5,9.105,3
294,mp-31119,TbScO3,20.88,6.766676756,-3.958515287,8,11,87,54.8,112.4,2,1,3,11,9,9,9.105,3
295,mp-625630,TeHO3,94.47,4.861764443,-1.359132596,1,87,92,14.01,73.4,1,10,1,16,0,2,6.615,2
296,mp-625654,TeHO3,104.39,4.775392537,-1.353104871,1,87,92,14.01,73.4,1,10,1,16,0,2,6.615,2
297,mp-625856,TeHO3,104.33,4.879771463,-1.342369638,1,87,92,14.01,73.4,1,10,1,16,0,2,6.615,2
298,mp-543039,TePbO3,21.86,7.22692361,-1.551654146,8,81,90,54.8,96.4,2,10,6,28,0,4,9.105,2
299,mp-555021,TePbO3,21.86,7.421719171,-1.548935926,8,81,90,54.8,96.4,2,10,6,28,0,4,9.105,2
300,mp-13641,TiCdO3,22.23,5.810462307,-2.679648433,8,43,87,54.8,100.4,2,10,4,12,8,8,9.105,3
301,mp-20940,TiCdO3,23.37,6.02935245,-2.640080265,8,43,87,54.8,100.4,2,10,4,12,8,8,9.105,3
302,mp-14550,TiCdO3,23.23,6.083926864,-2.637105804,8,43,87,54.8,100.4,2,10,4,12,8,8,9.105,3
303,mp-5052,TiCdO3,23.33,6.272603839,-2.640903859,8,43,87,54.8,100.4,2,10,4,12,8,8,9.105,3
304,mp-780260,TiGeO3,21.46,3.933019147,-2.683819231,8,43,87,54.8,95.6,2,10,4,14,8,8,9.105,3
305,mp-20459,TiPbO3,24.74,7.801556472,-2.731353162,8,43,87,54.8,100.8,2,10,4,28,8,8,9.105,3
306,mp-19845,TiPbO3,24.61,8.048700857,-2.690131416,8,43,87,54.8,100.8,2,10,4,28,8,8,9.105,3
307,mp-754246,TiSnO3,21.42,4.544839624,-2.75537485,8,43,87,54.8,99.4,2,10,4,14,8,8,9.105,3
308,mp-14142,TiZnO3,22.72,5.007411138,-2.793320964,8,43,87,54.8,96,2,10,4,12,8,8,9.105,3
309,mp-29798,TlBrO3,23.45,6.272203994,-0.661591286,8,76,95,54.8,92.6,2,10,6,27,0,5,9.105,2
310,mp-29738,TlClO3,27.69,5.072115206,-0.722599674,8,76,94,54.8,89,2,10,6,27,0,5,9.105,2
311,mp-22981,TlIO3,22.6,6.89684091,-0.981547758,8,76,96,54.8,96.4,2,10,6,27,0,5,9.105,2
312,mp-5915,TlNO3,43.16,5.932115907,-0.990392598,7,76,87,54.8,82.8,2,10,5,27,0,5,9.105,2
313,mp-27144,TlPO3,36.84,5.893356114,-2.26069208,8,76,87,54.8,90,2,10,5,27,0,5,9.105,2
314,mp-557787,TlSbO3,19.3,6.857226772,-1.715196618,8,76,87,54.8,96.4,2,10,6,27,0,5,9.105,2
315,mp-30058,TlSbO3,19.45,6.96217824,-1.714974941,8,76,87,54.8,96.4,2,10,6,27,0,5,9.105,2
316,mp-756281,TmAlO3,22.15,8.188437955,-3.778040946,8,37,87,54.8,101.8,2,0,3,15,0,5,9.105,3
317,mp-754323,TmBiO3,18.38,9.100934574,-2.847885343,8,37,87,54.8,107.2,2,10,6,29,0,3,9.105,3
318,mp-760484,TmBO3,41,6.500362494,-3.491016264,5,37,87,54.8,94.4,2,0,3,15,0,5,7.1725,3
319,mp-754578,TmGaO3,20.07,8.581392196,-3.16102072,8,37,87,54.8,102,2,10,6,15,0,5,9.105,3
320,mp-768469,TmGaO3,21,8.018214694,-3.205484851,8,37,87,54.8,102,2,10,6,15,0,5,9.105,3
321,mp-768396,TmSeO3,23.6,6.372803748,-2.544777554,8,37,89,54.8,101.6,2,10,6,16,0,2,9.105,3
322,mp-3792,YAlO3,22.09,5.364665646,-3.721525569,8,12,87,54.8,101.8,2,1,3,6,9,9,9.105,3
323,mp-756214,YAlO3,23.34,5.229987876,-3.694553928,8,12,87,54.8,101.8,2,1,3,6,9,9,9.105,3
324,mp-755213,YbCO3,48.14,7.48733278,-2.814996718,6,39,87,54.8,92.2,2,0,4,16,0,4,5.64,3
325,mp-865758,YbGeO3,27.91,9.753521302,-2.765986294,8,39,87,54.8,101,2,10,6,16,0,4,9.105,3
326,mp-780387,YbHfO3,24.12,10.94348528,-3.971886799,8,39,87,54.8,112,2,2,6,18,8,8,9.105,3
327,mp-768221,YBiO3,17.53,7.174372127,-2.783973835,8,12,87,54.8,107.2,2,10,3,29,9,9,9.105,3
328,mp-754152,YBiO3,17.41,7.187689457,-2.769321226,8,12,87,54.8,107.2,2,10,3,29,9,9,9.105,3
329,mp-29205,YBO3,35.74,4.500537513,-3.531547106,5,12,87,54.8,94.4,2,1,3,6,9,9,7.1725,3
330,mp-754225,YbTiO3,24.76,8.307391216,-3.734184524,8,39,87,54.8,109,2,2,4,16,8,8,9.105,3
331,mp-17853,YGaO3,20.84,5.386016237,-3.135130498,8,12,87,54.8,102,2,10,3,13,9,9,9.105,3
332,mp-504607,YInO3,18.71,5.95681029,-2.980185457,8,12,87,54.8,106,2,10,3,13,9,9,9.105,3
333,mp-769007,YScO3,20.93,4.500881734,-3.950653538,8,11,87,54.8,111.6,2,1,3,6,9,9,9.105,3
334,mp-755165,YScO3,21.08,4.794330595,-3.941893671,8,11,87,54.8,111.6,2,1,3,6,9,9,9.105,3
335,mp-768479,YScO3,20.58,4.346959576,-3.939713418,8,11,87,54.8,111.6,2,1,3,6,9,9,9.105,3
336,mp-769404,YSeO3,23.63,4.616952551,-2.508511457,8,12,89,54.8,101.6,2,10,3,16,9,9,9.105,3
337,mp-766256,YTmO3,18.59,7.030105821,-4.029317783,8,12,87,54.8,115.6,2,1,3,15,9,9,9.105,3
338,mp-8285,ZnGeO3,21.14,5.970667052,-1.967155593,8,69,87,54.8,88,2,10,6,14,0,4,9.105,3
339,mp-5338,ZnSeO3,24.73,4.74416993,-1.503193069,8,69,89,54.8,88,2,10,6,16,0,2,9.105,3
340,mp-562182,ZnSiO3,32.33,4.003285824,-2.645363585,8,69,87,54.8,86.2,2,10,4,12,0,4,9.105,3
341,mp-13334,ZnSnO3,20.3,6.556764827,-1.940188569,8,69,87,54.8,91.8,2,10,6,14,0,4,9.105,3
342,mp-16819,ZnTeO3,23.07,5.591035435,-1.633436781,8,69,90,54.8,91.6,2,10,6,16,0,2,9.105,3
343,mp-647557,ZrPbO3,23.09,7.596076936,-2.846535501,8,44,87,54.8,103.8,2,10,4,28,8,8,9.105,3
344,mp-755798,ZrPbO3,22.85,7.889928131,-2.84197747,8,44,87,54.8,103.8,2,10,4,28,8,8,9.105,3
345,mp-20337,ZrPbO3,23.46,7.53352279,-2.844021655,8,44,87,54.8,103.8,2,10,4,28,8,8,9.105,3
